# Id_interactions,B0,B1,B2,B3,B4,label
11949,306,23,22,11,13,1
11950,299,26,26,11,13,1
11951,304,23,22,11,13,1
11952,299,26,26,11,13,1
11953,93,3,9,8,4,1
11954,172,38,9,8,4,1
11980,262,8,9,9,4,1
11981,304,23,22,11,13,1
11982,343,23,23,11,13,1
11983,171,43,8,7,1,1
11984,255,17,4,8,1,1
11985,95,44,6,7,1,1
11986,255,15,4,8,1,1
11987,255,10,4,8,1,1
11988,304,23,22,11,13,1
11989,247,7,4,8,1,1
11990,240,23,22,11,13,1
11991,142,9,8,7,1,1
11992,407,23,23,11,13,1
11993,302,23,22,11,13,1
11994,297,26,26,11,13,1
11995,482,21,23,11,13,1
11997,404,21,23,11,13,1
11998,470,23,23,11,13,1
11999,482,24,22,11,13,1
12000,306,23,22,11,13,1
12001,262,8,9,9,4,1
12002,482,21,23,11,13,1
12003,344,23,22,11,13,1
12004,470,21,23,11,13,1
12005,297,26,26,11,13,1
12016,482,23,23,11,13,1
12017,482,21,23,11,13,1
12018,170,38,9,8,4,1
12019,482,23,23,11,13,1
12020,262,8,9,9,4,1
12021,255,17,4,8,1,1
12022,262,8,9,9,4,1
12023,255,17,4,8,1,1
12024,262,8,9,9,4,1
12025,299,26,26,11,13,1
12026,255,15,4,8,1,1
12027,157,46,6,7,1,1
12028,407,23,23,11,13,1
12029,480,21,23,11,13,1
12055,73,0,37,0,2,1
12056,81,0,14,0,2,1
12057,77,0,25,0,2,1
12058,73,0,22,0,2,1
12059,73,0,23,0,2,1
12060,73,0,23,0,2,1
12061,77,0,25,0,2,1
12250,442,15,1,2,5,1
12251,370,6,0,0,1,1
12252,464,27,1,5,5,1
12253,370,6,0,0,1,1
12254,154,18,4,3,1,1
12255,370,6,0,0,1,1
12256,107,26,4,3,1,1
12257,370,6,0,0,1,1
12258,246,0,10,0,4,1
12320,12,0,27,0,2,1
12662,484,21,23,11,13,1
13117,442,15,1,2,5,1
13118,146,20,4,3,1,1
13120,84,18,4,3,1,1
13121,442,15,1,2,5,1
13163,8,48,0,2,1,1
13166,15,0,15,0,2,1
13167,66,38,11,2,1,1
13190,4,0,16,0,2,1
13260,5,2,41,0,2,1
13571,12,0,8,0,2,1
13668,342,7,0,1,2,1
13760,169,28,4,3,1,1
14273,487,23,1,4,5,1
14325,154,18,4,3,1,1
14764,401,12,7,3,2,1
14930,452,24,1,2,5,1
15167,344,7,0,1,2,1
15462,25,51,0,7,2,1
15560,370,6,0,0,1,1
15590,370,6,0,0,1,1
15632,146,20,4,3,1,1
15790,332,7,0,1,2,1
15791,370,6,0,0,1,1
16271,19,0,17,0,2,1
16272,42,0,14,0,4,1
16306,442,15,1,2,5,1
16326,31,53,0,7,2,1
16361,138,56,0,15,2,1
16362,409,13,1,1,5,1
16363,33,49,0,7,2,1
16405,80,16,4,3,1,1
16426,18,55,0,7,2,1
16427,194,0,117,0,4,1
16428,442,15,1,2,5,1
16470,146,20,4,3,1,1
16497,21,0,0,0,2,1
16498,146,20,4,3,1,1
16531,12,51,0,7,2,1
16532,452,24,1,2,5,1
16533,370,6,0,0,1,1
16716,221,15,0,3,1,1
16717,465,106,0,18,2,1
16718,142,18,4,3,1,1
16800,21,0,0,0,2,1
16872,42,0,14,0,4,1
16873,6,49,0,7,2,1
16874,221,15,0,3,1,1
16875,27,51,0,7,2,1
16881,142,18,4,3,1,1
16923,19,0,28,0,2,1
16987,24,57,0,7,2,1
16999,146,20,4,3,1,1
17002,452,24,1,2,5,1
17049,40,0,0,0,2,1
17050,21,0,0,0,2,1
17091,364,6,0,0,1,1
17092,146,20,4,3,1,1
17099,5,2,39,0,2,1
17100,217,14,0,3,1,1
17180,246,21,14,11,13,1
17313,442,22,1,2,5,1
17386,452,24,1,2,5,1
17387,452,24,1,2,5,1
17388,452,24,1,2,5,1
17429,452,24,1,2,5,1
17430,165,12,4,3,1,1
17498,452,24,1,2,5,1
17591,21,49,0,7,2,1
17836,452,24,1,2,5,1
18182,452,24,1,2,5,1
18183,452,24,1,2,5,1
19101,42,0,14,0,4,1
19102,42,0,14,0,4,1
19296,4,0,22,0,2,1
19297,42,0,14,0,4,1
19298,237,21,14,11,13,1
19299,37,52,0,7,2,1
19300,28,0,0,0,2,1
19301,420,112,0,21,6,1
19302,15,0,20,0,2,1
19303,142,18,4,3,1,1
20663,452,24,1,2,5,1
21286,140,52,0,15,2,1
21575,422,12,7,3,2,1
21576,142,18,4,3,1,1
21578,487,23,1,4,5,1
21579,452,24,1,2,5,1
21740,491,25,4,104,6,1
21795,237,21,14,11,13,1
21816,150,22,4,3,1,1
21817,2,0,0,0,16,1
21818,142,18,4,3,1,1
21819,4,0,0,0,2,1
21900,142,18,4,3,1,1
21901,42,0,14,0,4,1
21902,15,0,28,0,2,1
21923,464,27,1,5,5,1
21924,442,15,1,2,5,1
21945,142,18,4,3,1,1
21946,2,0,34,0,2,1
21957,452,24,1,2,5,1
21958,80,16,4,3,1,1
21959,150,52,0,15,2,1
21960,344,7,0,1,2,1
21991,344,7,0,1,2,1
21992,217,15,0,3,1,1
21993,5,2,39,0,2,1
21994,5,2,39,0,2,1
21995,28,0,0,0,2,1
21996,80,16,4,3,1,1
21997,344,7,0,1,2,1
21998,460,15,1,2,5,1
21999,6,49,0,7,2,1
22000,146,20,4,3,1,1
22032,344,7,0,1,2,1
22033,185,42,1,2,1,1
22034,142,18,4,3,1,1
22035,142,18,4,3,1,1
22036,12,0,8,0,2,1
22037,146,20,4,3,1,1
22038,24,0,17,0,2,1
22039,142,18,4,3,1,1
22040,442,22,1,2,5,1
22061,28,54,0,7,2,1
22062,11,0,38,0,2,1
22063,344,7,0,1,2,1
22064,146,20,4,3,1,1
22065,465,116,0,18,2,1
22066,370,6,0,0,1,1
22074,142,18,4,3,1,1
22075,464,27,1,5,5,1
22253,4,0,31,0,2,1
22254,422,12,7,3,2,1
22255,6,0,0,0,2,1
22256,452,24,1,2,5,1
22356,42,0,14,0,4,1
22607,185,5,4,8,1,1
23207,140,58,0,15,2,1
23208,370,6,0,0,1,1
23209,374,2,0,0,1,1
23210,185,42,1,2,1,1
23211,10,52,0,7,2,1
23329,6,49,0,7,2,1
23341,344,7,0,1,2,1
23342,344,7,0,1,2,1
23343,348,7,0,1,2,1
23364,14,0,0,0,2,1
23365,64,17,0,4,3,1
23407,370,6,0,0,1,1
23408,452,24,1,2,5,1
23409,370,6,0,0,1,1
23410,475,21,23,11,13,1
23411,370,6,0,0,1,1
23412,370,6,0,0,1,1
23413,21,0,30,0,2,1
23414,84,18,4,3,1,1
23553,5,2,46,0,2,1
23804,348,7,0,1,2,1
26103,161,46,6,7,1,1
26157,217,22,0,3,1,1
26827,16,0,31,0,2,1
26828,23,50,0,7,2,1
26829,422,12,7,3,2,1
26830,6,50,0,7,2,1
26831,480,12,4,104,6,1
26832,480,12,4,104,6,1
26833,4,0,31,0,2,1
26834,142,18,4,3,1,1
26835,538,12,2,2,2,1
26970,12,0,8,0,2,1
27068,464,27,1,5,5,1
30051,140,52,0,15,2,1
12248,7,0,0,0,8,1
12281,7,0,0,0,3,1
13168,189,1,0,0,1,1
13258,78,0,12,0,4,1
13342,78,0,12,0,4,1
11955,146,29,4,0,1,1
11976,146,29,4,0,1,1
11977,146,29,4,0,1,1
11978,146,29,4,0,1,1
11979,146,29,4,0,1,1
12315,51,0,9,0,1,1
12316,6,0,6,0,1,1
12317,56,0,9,0,1,1
12318,6,0,6,0,1,1
12319,278,20,3,5,3,1
13164,5,0,5,0,1,1
13169,4,0,3,0,1,1
13191,3,0,0,0,1,1
13192,197,0,24,0,1,1
13213,15,0,10,0,1,1
13214,50,0,5,0,1,1
13235,14,0,6,0,1,1
13256,8,0,2,0,2,1
13257,285,11,3,1,2,1
13259,187,20,0,5,1,1
13301,15,0,4,0,1,1
13439,3,0,3,0,2,1
13462,56,0,4,0,1,1
13506,16,0,6,0,1,1
13527,181,0,13,0,5,1
13713,153,0,32,0,1,1
13714,2,0,0,0,1,1
13810,5,0,2,0,1,1
13853,7,0,13,0,1,1
14018,205,17,1,1,2,1
14019,225,0,17,0,3,1
14231,13,0,20,0,1,1
14484,60,0,15,0,1,1
14539,176,14,0,4,1,1
14540,62,0,13,0,1,1
14541,22,0,5,0,1,1
14542,275,9,3,1,2,1
14543,149,0,5,0,1,1
14559,187,19,0,5,1,1
14587,176,14,0,4,1,1
14589,187,19,0,5,1,1
14590,149,0,5,0,1,1
14593,60,0,17,0,2,1
14594,80,0,4,0,1,1
14636,243,32,1,1,2,1
14637,184,0,15,0,5,1
14638,12,0,13,0,1,1
14639,80,0,4,0,1,1
14703,194,8,1,1,2,1
15463,270,30,1,0,2,1
16882,321,46,11,8,2,1
12136,8,3,0,5,1,1
12157,73,6,0,6,1,1
12158,73,6,0,6,1,1
12159,73,6,0,6,1,1
12212,73,6,0,6,1,1
12213,73,6,0,6,1,1
12214,8,3,0,5,1,1
12215,73,6,0,6,1,1
12216,73,6,0,6,1,1
12217,8,3,0,5,1,1
12218,8,3,0,5,1,1
12219,73,6,0,6,1,1
12220,73,6,0,6,1,1
12221,73,6,0,6,1,1
12222,73,6,0,6,1,1
12125,848,45,15,3,1,1
15939,277,50,10,1,2,1
12601,283,30,5,1,2,1
28641,587,44,13,5,3,1
26333,747,57,13,9,3,1
28642,975,78,41,14,2,1
26434,448,33,10,4,4,1
26487,450,33,10,4,4,1
23221,207,1,1,0,1,1
12663,6,11,0,0,1,1
12704,6,11,0,0,1,1
12705,164,13,3,1,2,1
12875,6,11,0,0,1,1
12898,164,13,3,1,2,1
12919,164,13,3,1,2,1
12991,6,11,0,0,1,1
12992,160,14,3,0,2,1
13053,6,11,0,0,1,1
13054,6,11,0,0,1,1
12949,442,14,5,2,2,1
12950,119,6,0,2,2,1
13119,318,2,2,3,1,1
14588,204,1,2,2,1,1
15204,408,4,2,6,1,1
15436,204,1,2,2,1,1
22479,318,2,2,3,1,1
22520,318,2,2,3,1,1
22521,407,4,2,6,1,1
13162,227,15,5,2,1,1
15431,534,7,14,3,2,1
15432,251,28,2,0,1,1
15433,232,34,4,5,6,1
15434,126,10,0,0,1,1
15435,228,65,0,7,3,1
15495,205,1,2,2,1,1
16183,443,12,2,0,1,1
18863,232,34,4,5,6,1
22142,1334,21,6,6,2,1
22683,157,10,1,0,1,1
27416,157,10,1,0,1,1
30100,445,131,22,5,1,1
13165,178,29,2,0,2,1
13391,914,37,13,1,5,1
26901,54,40,0,3,1,1
26902,180,55,0,6,1,1
26903,50,40,0,4,1,1
26904,206,90,18,1,1,1
17593,335,3,2,3,1,1
15291,469,25,8,3,4,1
13811,70,4,1,0,1,1
13852,9,0,0,0,14,1
13997,381,4,9,2,2,1
14461,32,82,0,11,1,1
14272,5,0,12,0,1,1
14369,1,0,23,0,1,1
14517,104,0,57,0,12,1
14518,18,41,0,2,2,1
14558,252,11,5,3,1,1
14635,3,0,30,0,4,1
14640,3,0,30,0,4,1
21139,3,0,30,0,4,1
26694,3,0,30,0,4,1
26695,3,0,30,0,4,1
29978,3,0,30,0,4,1
14591,62,37,0,4,2,1
14592,193,79,0,16,3,1
14641,16,43,0,2,2,1
14642,102,0,66,0,12,1
15916,104,0,86,0,9,1
14726,581,10,6,7,4,1
14727,3,0,0,0,2,1
14790,284,45,6,2,2,1
17554,11,0,65,0,8,1
25407,5,0,20,0,14,1
25408,14,0,43,0,6,1
26880,584,144,13,1,1,1
26062,279,47,2,0,1,1
15041,1147,43,15,7,6,1
21593,467,11,3,0,2,1
15092,8,0,0,0,1,1
15093,196,0,13,0,1,1
15094,168,25,1,0,1,1
29977,113,0,8,0,1,1
15182,254,27,1,8,7,1
22449,5,0,16,0,1,1
15203,1407,74,25,4,1,1
16449,135,44,0,7,2,1
15559,9,0,0,0,13,1
20436,1124,59,9,16,6,1
15706,119,18,6,8,2,1
15749,113,4,0,0,12,1
26154,583,5,7,0,2,1
15895,124,73,0,2,2,1
15917,113,0,67,0,17,1
15918,202,34,0,8,1,1
16133,85,0,18,0,1,1
16404,47,55,2,0,3,1
16608,24,0,60,0,1,1
16871,84,6,0,0,1,1
17147,32,2,2,0,1,1
17248,20,1,0,0,11,1
17255,12,18,0,4,2,1
17245,207,7,0,0,1,1
17234,13,0,25,0,1,1
17258,699,9,10,1,5,1
17346,179,27,5,1,1,1
17367,175,3,7,2,2,1
17599,108,0,17,0,1,1
17651,90,0,26,0,2,1
17652,79,25,0,2,1,1
17653,152,0,27,0,3,1
25865,19,0,0,0,4,1
17674,20,0,74,0,16,1
17695,327,4,2,3,1,1
17696,1232,75,30,5,4,1
18019,909,84,17,6,2,1
18250,228,53,16,4,1,1
18962,103,10,0,4,1,1
21544,6,24,9,1,1,1
21545,6,24,9,1,1,1
26955,126,5,0,0,1,1
24278,270,3,6,1,4,1
20251,50,52,3,2,1,1
20678,190,0,25,0,2,1
21339,136,22,4,2,1,1
21548,0,0,1,0,0,1
21552,0,0,1,0,0,1
21553,16,1,0,0,6,1
23532,16,1,0,0,6,1
21549,21,1,0,0,12,1
21550,21,1,0,0,12,1
21554,21,1,0,0,12,1
21551,8,0,0,0,6,1
21696,537,24,7,3,5,1
21697,163,13,1,1,1,1
21698,152,7,2,0,1,1
21699,0,0,2,0,0,1
21956,8,0,17,0,3,1
22448,1117,91,18,3,2,1
22522,90,0,5,0,2,1
22586,91,0,36,0,2,1
22682,99,42,15,0,1,1
23222,177,38,6,0,1,1
23531,25,2,0,0,8,1
24749,3,0,39,0,4,1
25405,0,0,3,0,0,1
25406,6,0,5,0,1,1
26308,207,36,5,1,1,1
29573,55,16,2,3,1,1
29851,589,172,13,0,2,1
9372,1,0,5,1,3,1
9373,364,6,0,0,1,1
9374,81,2,0,0,11,1
9375,30,0,0,0,5,1
9376,3,0,5,1,3,1
9377,30,0,0,0,5,1
9380,272,23,18,11,13,1
9381,156,4,4,3,1,1
9382,370,6,0,0,1,1
9383,0,0,2,0,0,1
9385,8,0,0,0,14,1
9387,10,0,0,0,9,1
9388,0,0,7,0,0,1
9389,153,17,14,11,13,1
9390,0,0,2,0,0,1
9391,12,17,0,3,3,1
9392,7,0,1,0,1,1
9393,6,0,0,0,2,1
9394,8,0,0,0,14,1
9396,42,0,14,0,4,1
9398,95,6,0,1,2,1
9399,480,12,4,104,6,1
9400,93,6,0,1,2,1
9401,172,1,0,0,1,1
9402,27,0,14,0,4,1
9403,21,0,0,0,2,1
9404,8,0,0,0,14,1
9406,8,1,0,3,3,1
9408,0,0,7,0,0,1
9409,0,0,54,0,0,1
9410,0,0,2,0,0,1
9411,161,20,17,11,13,1
9413,0,0,7,0,0,1
9414,22,0,12,0,3,1
9416,3,0,0,0,4,1
9424,0,0,2,0,0,1
9425,30,0,0,0,2,1
9426,344,7,0,1,2,1
9427,27,0,14,0,4,1
9428,11,1,5,1,3,1
9429,409,13,1,1,5,1
9430,3,0,5,1,3,1
9438,8,0,0,0,14,1
9439,66,0,11,0,1,1
9440,66,0,11,0,1,1
9441,8,0,0,0,14,1
9443,42,0,14,0,4,1
9444,42,0,14,0,4,1
9446,42,0,14,0,4,1
9452,42,0,14,0,4,1
9453,5,0,2,0,33,1
9454,12,0,0,0,2,1
9455,42,0,14,0,4,1
9458,0,0,14,0,0,1
9467,3,0,5,1,3,1
9468,12,0,0,0,2,1
9469,156,4,4,3,1,1
9471,21,2,0,0,2,1
9473,0,0,2,0,0,1
9475,10,0,0,0,9,1
9476,42,0,14,0,4,1
9484,148,0,8,0,2,1
9487,0,0,7,0,0,1
9488,27,0,0,7,1,1
9490,0,0,14,0,0,1
9491,3,0,5,1,3,1
9492,344,7,0,1,2,1
9493,0,0,7,0,0,1
9494,221,0,8,0,2,1
9495,36,0,28,0,2,1
9496,21,49,0,7,2,1
9497,27,0,0,7,1,1
9498,73,0,16,0,2,1
9499,396,98,0,18,2,1
9500,12,0,0,0,2,1
9501,3,0,5,1,3,1
9502,0,0,2,0,0,1
9536,66,0,11,0,1,1
9537,172,1,0,0,1,1
9539,344,7,0,1,2,1
9540,21,0,0,0,2,1
9577,22,0,12,0,3,1
9578,6,0,0,0,2,1
9579,8,0,0,0,14,1
9580,93,6,0,1,2,1
9583,22,0,12,0,3,1
9584,344,7,0,1,2,1
9585,158,19,14,11,13,1
9587,344,7,0,1,2,1
9588,7,0,1,0,1,1
9589,11,0,38,0,2,1
9590,148,4,4,3,1,1
9591,21,0,0,0,2,1
9592,12,0,0,0,2,1
9593,12,0,0,0,14,1
9601,6,0,0,0,2,1
9602,178,1,0,0,1,1
9603,12,0,0,0,21,1
9604,156,4,4,3,1,1
9606,0,0,2,0,0,1
9608,92,2,1,4,1,1
9609,0,0,2,0,0,1
9610,0,0,2,0,0,1
9611,81,6,0,1,2,1
9612,10,0,0,0,9,1
9613,0,0,2,0,0,1
9614,0,0,7,0,0,1
9615,21,2,0,0,1,1
9616,75,52,0,15,2,1
9618,93,6,0,1,2,1
9619,66,0,11,0,1,1
9623,172,1,0,0,1,1
9625,259,12,4,0,2,1
9626,42,0,14,0,4,1
9628,8,0,0,0,14,1
9629,71,2,0,0,17,1
9630,156,4,4,3,1,1
9631,364,6,0,0,1,1
9632,4,0,32,0,2,1
9634,66,0,11,0,1,1
9638,344,7,0,1,2,1
9639,0,0,14,0,0,1
9641,158,19,14,11,13,1
9643,8,0,0,0,14,1
9644,6,0,0,0,2,1
9645,6,0,0,0,2,1
9653,42,0,14,0,4,1
9654,27,0,14,0,4,1
9655,0,0,2,0,0,1
9657,0,0,7,0,0,1
9660,4,0,0,0,2,1
9661,22,0,12,0,3,1
9662,8,0,0,0,14,1
9666,228,21,18,11,13,1
9668,8,15,0,3,3,1
9669,0,0,7,0,0,1
9670,8,0,0,0,14,1
9671,27,0,14,0,4,1
9673,8,0,0,0,15,1
9674,71,2,0,0,17,1
9675,20,0,0,0,2,1
9676,344,7,0,1,2,1
9677,8,0,0,0,14,1
9681,19,0,28,0,2,1
9682,93,6,0,1,2,1
9683,60,14,7,2,1,1
9685,8,0,0,0,14,1
9688,2,0,0,0,2,1
9689,0,0,2,0,0,1
9690,66,0,11,0,1,1
9692,8,0,0,0,14,1
9693,3,0,5,1,3,1
9696,10,2,0,0,2,1
9697,4,0,31,0,2,1
9698,62,0,18,0,6,1
9706,10,52,0,7,2,1
9707,0,0,7,0,0,1
9708,2,0,5,0,4,1
9711,71,2,0,0,31,1
9720,243,0,10,0,4,1
9721,18,49,0,7,2,1
9725,92,2,1,4,1,1
9726,27,1,0,7,1,1
9727,8,0,0,0,14,1
9728,12,0,0,0,2,1
9729,12,0,8,0,2,1
9740,332,7,0,1,2,1
9741,217,0,15,0,2,1
9744,238,0,10,0,4,1
9746,8,0,0,0,14,1
9747,15,0,15,0,2,1
9768,0,0,2,0,0,1
9769,27,1,0,7,1,1
9770,12,0,0,0,2,1
9772,370,6,0,0,1,1
9773,0,0,2,0,0,1
9774,4,0,0,0,25,1
9775,8,0,0,0,14,1
9776,73,4,0,0,19,1
9785,16,0,22,0,2,1
9786,0,0,2,0,0,1
9787,178,1,0,0,1,1
9788,66,0,11,0,1,1
9789,92,2,1,4,1,1
9791,266,21,18,11,13,1
9792,156,4,4,3,1,1
9793,77,0,18,0,2,1
9794,0,0,2,0,0,1
9796,5,0,2,0,40,1
9797,480,12,4,104,6,1
9798,0,0,14,0,0,1
9799,0,0,2,0,0,1
9800,28,0,0,0,2,1
9801,8,0,0,0,14,1
9802,332,7,0,1,2,1
9803,0,0,2,0,0,1
9804,28,0,0,0,2,1
9807,172,1,0,0,1,1
9808,8,0,0,0,14,1
9809,0,0,2,0,0,1
9811,42,0,14,0,4,1
9812,344,7,0,1,2,1
9815,21,0,0,0,2,1
9816,0,0,2,0,0,1
9817,66,0,11,0,1,1
9820,27,0,14,0,4,1
9822,27,51,0,7,2,1
9823,5,0,2,0,33,1
9825,3,0,5,1,3,1
9826,0,0,18,0,0,1
9827,344,7,0,1,2,1
9829,20,6,1,0,2,1
9830,12,0,0,0,2,1
9831,80,5,4,3,1,1
9832,144,4,4,3,1,1
9833,4,0,22,0,2,1
9834,0,0,2,0,0,1
9837,26,0,0,0,2,1
9838,10,0,0,0,9,1
9839,245,9,4,4,1,1
9840,12,0,0,0,2,1
9841,19,0,17,0,2,1
9842,22,0,12,0,3,1
9843,3,0,5,1,3,1
9844,5,0,2,0,33,1
9845,93,6,0,1,2,1
9846,10,0,0,0,9,1
9847,35,35,0,3,3,1
9848,21,0,0,0,2,1
9849,15,0,34,0,2,1
9850,12,0,0,0,14,1
9851,18,4,0,0,36,1
9853,66,0,11,0,1,1
9854,19,0,17,0,2,1
9856,12,0,8,0,2,1
9865,93,6,0,1,2,1
9866,8,0,0,0,15,1
9867,27,2,0,0,19,1
9871,10,0,0,0,9,1
9872,178,1,0,0,1,1
9873,3,0,0,0,4,1
9876,28,0,0,0,2,1
9877,66,0,11,0,1,1
9878,238,21,18,11,13,1
9880,0,0,2,0,0,1
9882,156,4,4,3,1,1
9883,370,6,0,0,1,1
9884,0,0,2,0,0,1
9885,217,0,7,0,2,1
9886,12,0,0,0,2,1
9887,3,0,5,1,3,1
9889,66,0,11,0,1,1
9890,0,0,2,0,0,1
9892,27,1,0,7,1,1
9893,10,0,0,0,9,1
9894,0,0,1,0,0,1
9895,183,7,0,1,2,1
9897,172,1,0,0,1,1
9898,245,9,4,4,1,1
9899,78,0,15,0,4,1
9902,0,0,8,0,0,1
9904,156,4,4,3,1,1
9905,18,34,5,1,3,1
9906,0,0,7,0,0,1
9907,370,6,0,0,1,1
9908,185,13,4,4,1,1
9909,172,1,0,0,1,1
9910,3,0,0,0,3,1
9912,0,0,18,0,0,1
9913,46,0,0,0,2,1
9914,18,51,0,7,2,1
9915,22,0,12,0,3,1
9917,8,0,0,0,14,1
9925,214,9,0,0,16,1
9926,66,0,11,0,1,1
9928,396,108,0,18,2,1
9931,66,0,11,0,1,1
9932,1,4,1,1,3,1
9933,42,0,14,0,4,1
9934,42,0,14,0,4,1
9935,8,0,0,0,14,1
9937,217,0,15,0,2,1
9938,66,0,11,0,1,1
9939,153,20,17,11,13,1
9941,370,6,0,0,1,1
9942,0,0,7,0,0,1
9944,20,0,0,0,14,1
9945,406,10,6,3,2,1
9947,172,1,0,0,1,1
9948,21,2,0,0,9,1
9949,73,0,8,0,2,1
9950,41,53,0,7,2,1
9951,344,7,0,1,2,1
9952,10,0,0,0,9,1
9953,0,0,2,0,0,1
9954,166,17,14,11,13,1
9955,22,0,12,0,3,1
9956,21,2,0,0,1,1
9957,27,0,14,0,4,1
9958,422,12,7,3,2,1
9959,344,7,0,1,2,1
9960,33,49,0,7,2,1
9964,42,0,14,0,4,1
9965,0,0,2,0,0,1
9969,3,0,5,1,3,1
9970,10,52,0,7,2,1
9971,273,18,19,11,13,1
9972,8,0,0,0,14,1
9973,28,0,0,0,2,1
9974,27,0,14,0,4,1
9977,93,6,0,1,2,1
9979,2,0,46,0,2,1
9980,93,6,0,1,2,1
9981,10,0,0,0,9,1
9984,0,0,2,0,0,1
9985,158,19,14,11,13,1
9986,16,0,30,0,2,1
9994,10,0,0,0,9,1
9997,66,0,11,0,1,1
9998,28,0,0,0,2,1
9999,245,7,4,4,1,1
10000,237,21,14,11,13,1
10001,5,2,39,0,2,1
10002,80,2,4,3,1,1
10004,41,55,0,7,2,1
10006,71,44,0,15,2,1
10007,66,0,11,0,1,1
10008,386,13,1,1,5,1
10009,71,2,0,0,17,1
10010,66,0,11,0,1,1
10011,8,0,0,0,14,1
10012,22,2,0,0,11,1
10013,24,51,0,7,2,1
10014,12,0,32,0,2,1
10018,6,49,0,7,2,1
10019,21,2,0,0,1,1
10020,332,7,0,1,2,1
10021,4,0,31,0,2,1
10022,374,2,0,0,1,1
10023,8,0,0,0,14,1
10024,8,15,0,3,3,1
10026,42,0,14,0,4,1
10029,93,6,0,1,2,1
10031,156,4,4,3,1,1
10034,332,7,0,1,2,1
10035,185,13,4,4,1,1
10036,66,0,11,0,1,1
10037,21,2,0,0,1,1
10038,69,51,0,15,2,1
10039,8,19,0,3,3,1
10040,370,6,0,0,1,1
10041,66,0,11,0,1,1
10042,370,6,0,0,1,1
10043,0,0,18,0,0,1
10044,8,0,0,0,14,1
10045,4,13,0,3,1,1
10052,0,0,2,0,0,1
10053,1,0,5,1,3,1
10054,27,1,0,7,1,1
10055,156,4,4,3,1,1
10056,172,1,0,0,1,1
10058,20,1,0,0,4,1
10059,1,0,5,1,3,1
10063,8,0,0,0,14,1
10064,460,15,1,2,5,1
10065,27,0,14,0,4,1
10066,3,0,5,1,3,1
10067,73,0,8,0,2,1
10070,178,1,0,0,1,1
10072,370,6,0,0,1,1
10074,0,0,7,0,0,1
10076,42,0,14,0,4,1
10098,25,51,0,7,2,1
10099,176,7,0,1,2,1
10102,22,51,0,7,2,1
10103,10,0,0,0,9,1
10104,95,6,0,1,2,1
10105,228,0,26,0,1,1
10106,42,0,14,0,4,1
10108,158,19,14,11,13,1
10109,21,2,0,0,1,1
10110,344,7,0,1,2,1
10111,10,0,0,0,9,1
10112,3,0,5,1,3,1
10113,2,55,0,15,2,1
10121,0,0,2,0,0,1
10122,204,19,0,0,108,1
10123,344,7,0,1,2,1
10124,156,4,4,3,1,1
10132,81,6,0,1,2,1
10133,37,51,0,7,2,1
10134,348,7,0,1,2,1
10135,1,0,5,1,3,1
10136,8,0,0,0,14,1
10137,374,2,0,0,1,1
10139,81,2,0,0,12,1
10141,27,2,0,0,19,1
10142,93,6,0,1,2,1
10144,80,2,4,3,1,1
10148,217,0,15,0,2,1
10149,12,17,0,3,3,1
10150,199,22,17,11,13,1
10151,2,0,0,0,18,1
10152,10,0,0,0,9,1
10153,0,0,2,0,0,1
10154,0,0,8,0,0,1
10155,27,1,0,7,1,1
10157,8,0,0,0,14,1
10159,92,2,1,4,1,1
10160,8,0,32,0,2,1
10168,237,21,14,11,13,1
10169,221,0,7,0,2,1
10170,19,0,17,0,2,1
10172,0,0,18,0,0,1
10173,28,0,0,0,2,1
10174,370,6,0,0,1,1
10175,159,22,17,11,13,1
10176,1,0,5,1,3,1
10177,73,4,0,0,19,1
10178,95,6,0,1,2,1
10179,21,0,0,0,2,1
10182,80,5,4,3,1,1
10183,16,0,30,0,2,1
10184,92,2,1,4,1,1
10185,0,0,2,0,0,1
10186,31,0,30,0,2,1
10187,10,0,0,0,9,1
10189,0,0,2,0,0,1
10190,0,0,7,0,0,1
10191,8,0,0,0,14,1
10192,386,12,1,1,5,1
10195,95,6,0,1,2,1
10198,81,6,0,1,2,1
10199,0,0,2,0,0,1
10200,386,13,1,1,5,1
10201,27,1,0,7,1,1
10202,10,0,0,0,9,1
10203,66,0,11,0,1,1
10204,8,0,0,0,14,1
10205,12,0,0,0,2,1
10206,6,50,0,7,2,1
10208,66,0,11,0,1,1
10210,7,0,0,0,2,1
10211,0,0,2,0,0,1
10212,12,0,0,0,14,1
10216,332,7,0,1,2,1
10217,22,0,12,0,3,1
10218,0,0,2,0,0,1
10219,172,1,0,0,1,1
10220,8,0,0,0,14,1
10221,420,112,0,21,6,1
10222,6,49,0,7,2,1
10225,221,0,15,0,2,1
10226,218,19,0,0,9,1
10227,66,0,11,0,1,1
10228,2,0,0,0,2,1
10229,94,5,4,3,1,1
10231,172,1,0,0,1,1
10232,152,17,14,11,13,1
10233,66,0,11,0,1,1
10234,218,19,0,0,9,1
10235,487,23,1,4,5,1
10237,0,0,7,0,0,1
10238,199,22,17,11,13,1
10239,27,0,14,0,4,1
10240,37,51,0,7,2,1
10242,6,0,0,0,2,1
10244,344,7,0,1,2,1
10245,12,0,0,0,2,1
10246,71,2,0,0,10,1
10247,158,19,14,11,13,1
10248,16,0,30,0,2,1
10249,6,0,33,0,5,1
10250,348,7,0,1,2,1
10251,3,0,5,1,3,1
10252,27,0,0,7,1,1
10254,172,1,0,0,1,1
10264,27,0,0,7,1,1
10266,374,2,0,0,1,1
10267,172,1,0,0,1,1
10275,12,0,0,0,2,1
10276,8,0,0,0,14,1
10277,172,1,0,0,1,1
10278,0,0,2,0,0,1
10300,8,0,0,0,14,1
10301,66,0,11,0,1,1
10310,73,0,16,0,2,1
10311,11,1,5,1,3,1
10314,12,17,0,3,3,1
10315,12,0,0,0,2,1
10316,152,17,14,11,13,1
10317,158,19,14,11,13,1
10318,2,0,5,0,4,1
10324,158,19,14,11,13,1
10326,6,0,0,0,2,1
10329,487,30,1,4,5,1
10330,480,12,4,104,6,1
10333,221,0,15,0,2,1
10334,10,0,0,0,9,1
10335,27,0,28,0,2,1
10337,66,0,11,0,1,1
10338,66,0,11,0,1,1
10339,71,57,0,15,2,1
10340,12,0,0,0,2,1
10341,66,0,11,0,1,1
10342,3,0,5,1,3,1
10343,42,0,14,0,4,1
10344,0,0,2,0,0,1
10345,31,0,30,0,2,1
10346,341,97,0,16,2,1
10347,8,0,0,0,14,1
10356,16,0,36,0,2,1
10357,10,0,0,0,9,1
10359,491,25,4,104,6,1
10360,22,0,12,0,3,1
10361,27,0,0,7,1,1
10363,42,0,14,0,4,1
10364,0,0,2,0,0,1
10365,9,0,32,0,2,1
10367,10,0,0,0,9,1
10368,0,0,2,0,0,1
10369,152,17,14,11,13,1
10371,370,6,0,0,1,1
10373,0,0,2,0,0,1
10374,4,0,0,0,2,1
10375,10,0,0,0,9,1
10376,10,0,0,0,9,1
10377,81,2,0,0,12,1
10378,66,0,11,0,1,1
10379,2,0,0,0,14,1
10387,383,103,0,16,2,1
10388,27,1,0,7,1,1
10389,0,0,2,0,0,1
10390,27,0,14,0,4,1
10391,80,3,4,3,1,1
10392,172,1,0,0,1,1
10393,12,0,0,0,2,1
10394,457,4,125,0,2,1
10395,164,0,0,0,1,1
10396,10,0,0,0,9,1
10397,3,0,5,1,3,1
10399,30,0,0,0,5,1
10401,12,0,8,0,2,1
10404,370,6,0,0,1,1
10406,2,50,0,15,2,1
10407,73,0,16,0,2,1
10408,185,13,4,4,1,1
10413,42,0,14,0,4,1
10414,92,2,1,4,1,1
10416,344,7,0,1,2,1
10418,25,51,0,7,2,1
10419,4,0,0,0,2,1
10420,172,1,0,0,1,1
10421,8,15,0,3,3,1
10423,0,0,2,0,0,1
10425,0,0,2,0,0,1
10426,172,1,0,0,1,1
10427,8,0,0,0,14,1
10430,66,0,11,0,1,1
10431,172,1,0,0,1,1
10434,81,6,0,1,2,1
10435,37,52,0,7,2,1
10436,95,6,0,1,2,1
10437,89,0,0,0,1,1
10438,0,0,2,0,0,1
10439,10,0,0,0,9,1
10440,29,0,0,0,2,1
10441,10,0,9,0,2,1
10442,10,0,0,0,9,1
10443,3,0,5,1,3,1
10444,4,0,0,0,25,1
10445,27,1,0,7,1,1
10447,0,0,2,0,0,1
10448,2,0,34,0,2,1
10449,96,3,4,7,1,1
10450,1,0,5,1,3,1
10451,10,0,0,0,9,1
10460,8,1,0,3,3,1
10462,3,0,0,0,4,1
10463,29,0,0,0,2,1
10464,12,0,0,0,2,1
10465,185,38,1,2,1,1
10466,66,0,11,0,1,1
10469,8,0,0,0,14,1
10471,42,0,14,0,4,1
10474,156,4,4,3,1,1
10475,8,0,0,0,14,1
10476,71,2,0,0,17,1
10477,42,0,14,0,4,1
10478,3,0,5,1,3,1
10480,0,0,2,0,0,1
10481,0,0,7,0,0,1
10482,150,17,14,11,13,1
10483,21,2,0,0,2,1
10492,0,0,2,0,0,1
10493,10,2,0,3,3,1
10494,0,0,2,0,0,1
10496,66,0,11,0,1,1
10499,6,49,0,7,2,1
10500,0,0,2,0,0,1
10501,148,0,8,0,2,1
10502,30,0,0,0,5,1
10503,10,0,0,0,9,1
10504,0,0,2,0,0,1
10506,11,1,5,1,3,1
10508,92,2,1,4,1,1
10509,27,2,0,0,19,1
10510,0,0,1,0,0,1
10511,0,0,7,0,0,1
10512,27,0,14,0,4,1
10513,84,4,1,0,1,1
10515,71,51,0,15,2,1
10521,0,0,2,0,0,1
10522,4,14,0,1,1,1
10523,10,0,0,0,9,1
10524,71,51,0,15,2,1
10525,153,17,14,11,13,1
10526,0,0,2,0,0,1
10527,22,0,12,0,3,1
10529,0,0,2,0,0,1
10530,204,19,0,0,108,1
10531,8,0,0,0,14,1
10532,172,1,0,0,1,1
10533,12,0,0,0,2,1
10535,12,0,0,0,2,1
10536,341,109,0,18,2,1
10537,156,4,4,3,1,1
10540,0,0,0,0,0,1
10541,3,0,5,1,3,1
10542,8,0,0,0,14,1
10545,66,0,11,0,1,1
10548,21,2,0,0,9,1
10550,26,50,0,7,2,1
10551,42,0,14,0,4,1
10552,0,0,20,0,0,1
10553,0,0,2,0,0,1
10554,93,6,0,1,2,1
10555,27,1,0,7,1,1
10556,10,0,0,0,9,1
10558,5,0,4,0,49,1
10559,40,0,0,0,2,1
10560,172,1,0,0,1,1
10563,21,0,0,0,2,1
10564,81,2,0,0,12,1
10566,16,0,30,0,2,1
10567,156,4,4,3,1,1
10568,20,0,38,0,2,1
10569,217,0,8,0,2,1
10570,66,0,11,0,1,1
10571,10,0,0,0,9,1
10572,6,0,0,0,2,1
10575,243,18,15,11,13,1
10576,102,60,0,17,2,1
10577,66,0,11,0,1,1
10578,10,0,0,0,9,1
10579,4,0,16,0,2,1
10580,344,7,0,1,2,1
10581,3,0,5,1,3,1
10582,422,12,7,3,2,1
10584,364,6,0,0,1,1
10585,28,0,0,0,2,1
10586,0,0,2,0,0,1
10587,409,13,1,1,5,1
10595,10,51,0,7,2,1
10596,302,21,18,11,13,1
10597,42,0,14,0,4,1
10598,221,0,7,0,2,1
10599,73,4,0,0,19,1
10600,8,0,0,0,14,1
10602,8,0,0,0,14,1
10603,306,11,2,0,68,1
10606,66,0,11,0,1,1
10607,66,0,11,0,1,1
10608,156,4,4,3,1,1
10609,0,0,14,0,0,1
10611,20,0,0,0,14,1
10612,21,2,0,0,9,1
10613,66,0,11,0,1,1
10614,1,0,5,1,3,1
10618,80,3,4,3,1,1
10619,8,0,0,0,14,1
10621,21,0,0,0,2,1
10623,460,15,1,2,5,1
10624,10,0,0,0,9,1
10625,50,0,8,0,2,1
10626,6,0,0,0,2,1
10628,27,0,0,7,1,1
10629,148,0,8,0,2,1
10630,66,0,11,0,1,1
10632,66,0,11,0,1,1
10633,66,0,11,0,1,1
10634,6,0,0,0,2,1
10635,10,0,0,0,9,1
10636,156,4,4,3,1,1
10639,136,6,4,3,1,1
10640,82,5,4,3,1,1
10641,8,0,0,0,14,1
10642,78,0,11,0,3,1
10643,185,15,4,4,1,1
10645,0,0,2,0,0,1
10646,12,0,0,0,2,1
10647,93,6,0,1,2,1
10649,370,6,0,0,1,1
10651,4,20,0,3,1,1
10652,73,0,8,0,2,1
10653,89,0,0,0,1,1
10654,158,19,14,11,13,1
10662,42,0,14,0,4,1
10663,178,1,0,0,1,1
10664,272,23,18,11,13,1
10665,42,0,14,0,4,1
10667,344,7,0,1,2,1
10670,0,0,2,0,0,1
10671,0,0,7,0,0,1
10672,71,44,0,15,2,1
10673,0,0,2,0,0,1
10674,2,0,0,0,2,1
10675,344,7,0,1,2,1
10676,27,0,0,7,1,1
10677,33,49,0,7,2,1
10678,6,49,0,7,2,1
10679,221,0,15,0,2,1
10680,93,6,0,1,2,1
10681,8,0,0,0,14,1
10682,0,0,2,0,0,1
10683,221,0,8,0,2,1
10684,10,0,0,0,9,1
10685,8,0,0,0,14,1
10689,156,4,4,3,1,1
10690,3,0,5,1,3,1
10691,0,0,2,0,0,1
10692,26,0,0,0,2,1
10694,344,7,0,1,2,1
10695,5,0,0,0,4,1
10696,92,2,1,4,1,1
10698,93,44,0,15,2,1
10699,66,0,11,0,1,1
10701,158,19,14,11,13,1
10702,344,7,0,1,2,1
10703,10,0,0,0,9,1
10704,217,0,7,0,2,1
10708,93,6,0,1,2,1
10709,20,1,0,0,4,1
10710,42,0,14,0,4,1
10712,370,6,0,0,1,1
10713,401,12,7,3,2,1
10714,66,0,11,0,1,1
10716,8,0,0,0,14,1
10717,6,0,0,0,2,1
10718,4,0,30,0,2,1
10721,158,19,14,11,13,1
10722,71,2,0,0,17,1
10723,8,0,0,0,14,1
10724,0,0,2,0,0,1
10725,71,2,0,0,16,1
10726,10,0,0,0,9,1
10727,10,0,0,0,9,1
10728,8,0,0,0,14,1
10729,172,1,0,0,1,1
10730,73,0,16,0,2,1
10731,9,0,24,0,2,1
10733,8,0,0,0,14,1
10734,237,21,14,11,13,1
10735,0,0,2,0,0,1
10736,0,0,2,0,0,1
10738,0,0,14,0,0,1
10739,0,0,2,0,0,1
10741,2,0,0,0,16,1
10742,185,15,4,4,1,1
10743,66,0,11,0,1,1
10745,29,0,0,0,2,1
10746,0,0,2,0,0,1
10747,370,6,0,0,1,1
10748,156,4,4,3,1,1
10749,3,0,5,1,3,1
10750,8,1,0,3,3,1
10752,0,0,2,0,0,1
10753,0,0,2,0,0,1
10754,0,0,7,0,0,1
10756,66,0,11,0,1,1
10758,28,0,0,0,2,1
10759,93,6,0,1,2,1
10760,0,0,2,0,0,1
10761,7,0,55,0,11,1
10762,66,0,11,0,1,1
10763,0,0,14,0,0,1
10764,0,0,2,0,0,1
10765,69,48,0,15,2,1
10766,4,57,0,0,1,1
10767,8,0,0,0,14,1
10768,0,0,2,0,0,1
10769,185,13,4,4,1,1
10770,93,6,0,1,2,1
10771,267,26,22,11,13,1
10772,10,0,0,0,9,1
10773,217,0,15,0,2,1
10774,12,0,22,0,2,1
10775,0,0,2,0,0,1
10776,237,21,14,11,13,1
10777,370,6,0,0,1,1
10778,71,44,0,15,2,1
10779,4,0,30,0,2,1
10780,6,50,0,7,2,1
10781,14,2,0,0,16,1
10782,161,17,14,11,13,1
10783,21,0,0,0,2,1
10784,370,6,0,0,1,1
10785,6,0,33,0,5,1
10786,10,0,0,0,9,1
10787,19,0,17,0,2,1
10788,221,0,15,0,2,1
10794,344,7,0,1,2,1
10795,344,7,0,1,2,1
10796,158,19,14,11,13,1
10798,2,0,20,0,2,1
10799,21,0,0,0,2,1
10800,10,0,0,0,9,1
10801,95,6,0,1,2,1
10802,0,0,2,0,0,1
10804,148,6,4,3,1,1
10805,72,0,10,0,1,1
10806,66,0,11,0,1,1
10807,66,0,11,0,1,1
10808,370,6,0,0,1,1
10809,2,0,0,0,16,1
10811,6,49,0,7,2,1
10812,0,0,8,0,0,1
10813,66,0,11,0,1,1
10815,8,0,0,0,14,1
10816,218,19,0,0,9,1
10817,8,0,0,0,14,1
10819,69,7,0,1,1,1
10821,152,17,14,11,13,1
10823,0,0,8,0,0,1
10824,246,21,14,11,13,1
10826,66,0,11,0,1,1
10827,1,0,5,1,3,1
10828,4,3,0,3,3,1
10829,93,2,6,5,4,1
10830,0,0,2,0,0,1
10831,10,0,0,0,9,1
10832,370,6,0,0,1,1
10833,370,6,0,0,1,1
10834,42,0,14,0,4,1
10835,8,0,0,0,14,1
10836,15,0,28,0,2,1
10837,66,0,11,0,1,1
10840,6,0,0,0,2,1
10841,0,0,2,0,0,1
10842,538,12,2,2,2,1
10843,3,0,5,1,3,1
10845,96,5,4,7,1,1
10846,10,0,0,0,9,1
10855,8,0,0,0,14,1
10856,4,0,0,0,2,1
10857,370,6,0,0,1,1
10867,214,0,14,0,1,1
10868,93,6,0,1,2,1
10869,344,7,0,1,2,1
10870,21,2,0,0,1,1
10879,71,2,0,0,17,1
10880,80,2,4,3,1,1
10881,102,0,28,0,7,1
10882,0,0,14,0,0,1
10883,364,6,0,0,1,1
10885,156,4,4,3,1,1
10886,6,0,0,0,2,1
10889,8,0,0,0,14,1
10891,10,0,0,0,9,1
10892,8,0,0,0,14,1
10893,6,0,0,0,2,1
10894,217,0,8,0,2,1
10895,221,0,15,0,2,1
10896,93,6,0,1,2,1
10897,169,22,21,11,13,1
10898,93,6,0,1,2,1
10899,3,0,0,0,4,1
10901,27,0,14,0,4,1
10903,7,56,0,5,3,1
10905,172,1,0,0,1,1
10907,20,0,0,0,2,1
10908,15,0,3,0,3,1
10909,79,6,0,1,2,1
10911,80,3,4,3,1,1
10913,81,6,0,1,2,1
10914,156,4,4,3,1,1
10916,370,6,0,0,1,1
10917,480,12,4,104,6,1
10920,93,6,0,1,2,1
10923,0,0,2,0,0,1
10924,422,12,7,3,2,1
10925,0,0,2,0,0,1
10927,92,0,17,0,3,1
10928,12,0,0,0,2,1
10929,21,0,0,0,2,1
10930,28,0,0,0,2,1
10931,8,0,32,0,2,1
10932,0,0,2,0,0,1
10933,487,23,1,4,5,1
10934,152,17,14,11,13,1
10935,4,0,30,0,2,1
10937,10,0,0,0,9,1
10938,66,0,11,0,1,1
10939,66,0,11,0,1,1
10940,158,19,14,11,13,1
10941,29,0,0,0,2,1
10944,135,70,0,15,2,1
10945,472,15,1,2,5,1
10947,8,15,0,3,3,1
10948,10,0,0,0,9,1
10949,27,1,0,7,1,1
10950,75,46,0,15,2,1
10951,22,0,12,0,3,1
10953,10,0,0,0,9,1
10954,172,1,0,0,1,1
10955,6,0,0,0,2,1
10956,10,0,0,0,9,1
10959,18,55,0,7,2,1
10960,4,0,30,0,2,1
11048,156,19,14,11,13,1
11068,23,50,0,7,2,1
11069,8,0,0,0,14,1
11070,3,0,5,1,3,1
11090,7,0,0,0,2,1
11091,0,0,2,0,0,1
11092,80,3,4,3,1,1
11093,5,0,2,0,33,1
11094,78,0,11,0,3,1
11096,172,1,0,0,1,1
11097,8,0,0,0,14,1
11098,399,82,0,10,9,1
11101,8,0,0,0,14,1
11102,93,6,0,1,2,1
11103,6,0,0,0,2,1
11129,178,1,0,0,1,1
11130,401,12,7,3,2,1
11133,93,6,0,1,2,1
11134,8,0,0,0,14,1
11135,480,12,4,104,6,1
11136,0,0,2,0,0,1
11137,42,0,14,0,4,1
11139,238,0,10,0,4,1
11140,0,0,2,0,0,1
11141,0,0,8,0,0,1
11150,8,0,0,0,14,1
11151,156,4,4,3,1,1
11153,0,0,8,0,0,1
11155,172,1,0,0,1,1
11156,8,0,0,0,14,1
11163,10,0,0,0,9,1
11164,158,19,14,11,13,1
11165,21,0,0,0,2,1
11166,478,14,2,2,2,1
11167,156,4,4,3,1,1
11168,3,0,5,1,3,1
11169,22,0,12,0,3,1
11170,172,1,0,0,1,1
11171,10,0,0,0,9,1
11172,5,0,2,0,33,1
11173,0,0,2,0,0,1
11174,97,43,3,4,1,1
11175,66,0,11,0,1,1
11176,364,6,0,0,1,1
11177,33,49,0,7,2,1
11178,370,6,0,0,1,1
11179,10,0,0,0,9,1
11180,6,49,0,7,2,1
11181,370,6,0,0,1,1
11182,81,0,0,0,8,1
11183,0,0,7,0,0,1
11184,42,0,14,0,4,1
11186,66,0,11,0,1,1
11187,56,0,9,0,1,1
11188,8,0,0,0,14,1
11197,148,4,4,3,1,1
11199,12,0,0,0,7,1
11201,73,0,16,0,2,1
11202,10,0,0,0,9,1
11205,12,0,0,0,2,1
11206,153,17,14,11,13,1
11209,66,0,11,0,1,1
11210,0,0,7,0,0,1
11211,22,0,12,0,3,1
11212,11,1,5,1,3,1
11214,344,7,0,1,2,1
11215,0,0,2,0,0,1
11216,42,0,14,0,4,1
11224,66,0,11,0,1,1
11225,8,42,0,0,1,1
11226,153,17,14,11,13,1
11227,147,0,21,0,13,1
11228,12,0,0,0,2,1
11229,66,0,11,0,1,1
11231,8,0,0,0,14,1
11232,370,6,0,0,1,1
11233,10,0,0,0,9,1
11234,93,6,0,1,2,1
11237,100,6,0,1,2,1
11238,10,0,0,0,9,1
11239,10,0,0,0,9,1
11240,21,2,0,0,1,1
11241,8,0,0,0,14,1
11242,344,7,0,1,2,1
11243,2,0,5,0,4,1
11244,156,4,4,3,1,1
11245,22,0,12,0,3,1
11246,0,0,14,0,0,1
11248,0,0,14,0,0,1
11249,19,0,17,0,2,1
11250,10,0,0,0,9,1
11251,5,0,2,0,33,1
11253,21,2,0,0,1,1
11256,93,6,0,1,2,1
11257,42,0,14,0,4,1
11258,66,0,11,0,1,1
11259,344,7,0,1,2,1
11260,66,0,11,0,1,1
11261,480,12,4,104,6,1
11262,6,49,0,7,2,1
11263,33,49,0,7,2,1
11264,80,3,4,3,1,1
11265,66,0,11,0,1,1
11266,2,0,0,0,2,1
11267,8,0,32,0,2,1
11269,21,2,0,0,9,1
11270,80,3,4,3,1,1
11271,10,0,0,0,9,1
11272,31,53,0,7,2,1
11274,93,48,0,15,2,1
11275,370,6,0,0,1,1
11278,158,19,14,11,13,1
11279,10,0,0,0,9,1
11280,5,49,0,15,2,1
11282,21,2,0,0,2,1
11284,263,12,4,0,2,1
11285,11,1,5,1,3,1
11287,4,0,30,0,2,1
11288,6,0,0,0,2,1
11290,66,0,11,0,1,1
11292,10,0,0,0,9,1
11293,0,0,2,0,0,1
11295,364,6,0,0,1,1
11298,6,0,0,0,2,1
11299,69,0,13,0,2,1
11300,0,0,2,0,0,1
11321,93,6,0,1,2,1
11322,3,0,5,1,3,1
11324,266,21,18,11,13,1
11325,159,22,17,11,13,1
11327,16,0,30,0,2,1
11328,0,0,2,0,0,1
11329,27,0,0,7,1,1
11331,226,23,19,11,13,1
11332,36,42,8,8,3,1
11333,364,6,0,0,1,1
11335,6,0,0,0,2,1
11336,16,0,31,0,2,1
11339,6,0,0,0,2,1
11347,386,13,1,1,5,1
11349,151,17,14,11,13,1
11350,0,0,2,0,0,1
11351,5,0,2,0,33,1
11352,66,0,11,0,1,1
11353,71,50,0,15,2,1
11354,3,0,5,1,3,1
11355,102,36,9,4,4,1
11356,156,4,4,3,1,1
11357,69,0,6,0,2,1
11359,12,0,8,0,2,1
11360,12,0,8,0,2,1
11361,0,0,7,0,0,1
11369,153,20,17,11,13,1
11377,212,0,0,0,11,1
11379,27,1,0,7,1,1
11387,0,0,2,0,0,1
11388,0,0,7,0,0,1
11389,8,0,0,0,14,1
11390,66,0,11,0,1,1
11391,178,1,0,0,1,1
11392,96,0,5,0,1,1
11394,41,54,0,7,2,1
11395,172,1,0,0,1,1
11396,261,6,0,1,2,1
11397,80,2,4,3,1,1
11399,0,0,2,0,0,1
11400,6,41,0,7,2,1
11402,66,0,11,0,1,1
11403,78,0,15,0,4,1
11407,4,0,0,0,2,1
11408,0,0,2,0,0,1
11409,93,6,0,1,2,1
11411,66,0,11,0,1,1
11412,27,0,0,7,1,1
11414,66,0,11,0,1,1
11415,4,0,36,0,2,1
11417,0,0,7,0,0,1
11418,6,0,33,0,5,1
11419,8,0,0,0,14,1
11420,156,4,4,3,1,1
11421,217,0,8,0,2,1
11422,8,0,0,0,14,1
11424,8,15,0,3,3,1
11425,4,0,31,0,2,1
11426,27,1,0,7,1,1
11427,0,0,2,0,0,1
11428,158,19,14,11,13,1
11429,0,0,2,0,0,1
11430,361,4,120,0,1,1
11431,436,4,10,2,1,1
11432,26,0,0,0,2,1
11437,5,0,4,0,51,1
11438,69,7,0,1,1,1
11439,42,0,14,0,4,1
11442,8,0,0,0,14,1
11443,370,6,0,0,1,1
11444,31,53,0,7,2,1
11445,66,0,11,0,1,1
11449,13,2,0,0,14,1
11451,6,0,0,0,2,1
11454,66,0,11,0,1,1
11455,71,37,0,15,2,1
11456,18,34,5,1,3,1
11457,12,0,0,0,2,1
11459,10,0,0,0,9,1
11460,96,5,4,7,1,1
11461,16,0,30,0,2,1
11462,344,7,0,1,2,1
11463,29,0,2,0,8,1
11464,10,0,0,0,9,1
11465,24,57,0,7,2,1
11466,344,7,0,1,2,1
11467,199,22,17,11,13,1
11468,399,83,0,10,9,1
11469,442,14,1,2,5,1
11470,10,0,0,0,9,1
11472,10,0,0,0,9,1
11473,147,0,21,0,13,1
11475,0,0,8,0,0,1
11476,28,54,0,7,2,1
11477,27,0,14,0,4,1
11479,0,0,2,0,0,1
11480,27,0,14,0,4,1
11481,93,6,0,1,2,1
11482,22,43,0,7,2,1
11484,23,35,0,3,3,1
11485,42,0,14,0,4,1
11486,2,0,0,0,14,1
11487,10,0,0,0,9,1
11488,245,9,4,4,1,1
11489,172,1,0,0,1,1
11490,93,6,0,1,2,1
11491,39,51,0,7,2,1
11492,71,2,0,0,31,1
11493,10,0,0,0,9,1
11494,93,6,0,1,2,1
11495,344,7,0,1,2,1
11498,29,0,2,0,8,1
11499,10,0,0,0,9,1
11500,6,0,0,0,2,1
11501,7,0,1,0,1,1
11502,178,1,0,0,1,1
11503,4,0,30,0,2,1
11504,370,6,0,0,1,1
11505,480,12,4,104,6,1
11506,42,0,14,0,4,1
11507,21,0,30,0,2,1
11509,0,0,12,0,0,1
11510,156,4,4,3,1,1
11511,8,0,0,0,14,1
11515,19,0,17,0,2,1
11516,42,0,14,0,4,1
11517,8,0,0,0,14,1
11518,93,6,0,1,2,1
11519,21,0,0,0,2,1
11520,0,0,14,0,0,1
11522,189,40,1,2,1,1
11524,84,2,1,0,1,1
11525,21,2,0,0,2,1
11526,12,0,0,0,2,1
11527,217,0,7,0,2,1
11529,156,19,14,11,13,1
11531,8,0,0,0,14,1
11533,66,0,11,0,1,1
11535,18,0,0,0,1,1
11536,10,0,0,0,9,1
11537,178,1,0,0,1,1
11540,21,49,0,7,2,1
11542,31,0,17,0,2,1
11543,16,0,31,0,2,1
11544,66,0,11,0,1,1
11546,95,6,0,1,2,1
11548,0,0,2,0,0,1
11549,8,0,0,0,14,1
11551,6,0,0,0,2,1
11552,25,51,0,7,2,1
11553,93,6,0,1,2,1
11555,344,7,0,1,2,1
11556,10,0,0,0,9,1
11557,66,0,11,0,1,1
11558,396,104,0,18,2,1
11559,12,0,0,0,2,1
11561,0,0,2,0,0,1
11562,178,1,0,0,1,1
11564,21,2,0,0,9,1
11565,0,0,2,0,0,1
11573,80,2,4,3,1,1
11574,0,0,2,0,0,1
11577,75,6,0,0,21,1
11579,442,15,1,2,5,1
11584,66,0,11,0,1,1
11585,95,6,0,1,2,1
11587,452,24,1,2,5,1
11589,42,0,14,0,4,1
11591,10,2,0,3,3,1
11592,23,37,0,3,7,1
11593,25,52,0,7,2,1
11595,465,116,0,18,2,1
11598,66,0,11,0,1,1
11603,4,0,31,0,2,1
11611,304,23,22,11,13,1
11612,12,0,0,0,2,1
11614,255,15,4,8,1,1
11615,452,24,1,2,5,1
11616,80,16,4,3,1,1
11618,469,15,1,9,6,1
11619,42,0,14,0,4,1
11621,12,0,8,0,2,1
11622,26,51,0,7,2,1
11631,452,24,1,2,5,1
11635,6,0,0,0,2,1
11636,0,0,7,0,0,1
11637,19,0,17,0,2,1
11638,457,4,125,0,2,1
11639,185,13,4,4,1,1
11640,146,20,4,3,1,1
11656,407,23,23,11,13,1
11657,42,0,14,0,4,1
11658,172,1,0,0,1,1
11659,14,0,28,0,2,1
11660,28,0,0,0,2,1
11662,95,6,0,1,2,1
11663,370,6,0,0,1,1
11667,370,6,0,0,1,1
11668,12,0,8,0,2,1
11669,2,0,0,0,2,1
11670,470,21,23,11,13,1
11672,482,21,23,11,13,1
11674,255,17,4,8,1,1
11675,142,18,4,3,1,1
11676,77,0,25,0,2,1
11677,150,52,0,15,2,1
11678,142,18,4,3,1,1
11679,452,24,1,2,5,1
11680,452,24,1,2,5,1
11681,2,49,0,15,2,1
11682,20,6,1,0,2,1
11684,407,23,23,11,13,1
11685,255,17,4,8,1,1
11687,66,0,11,0,1,1
11688,475,21,23,11,13,1
11690,482,23,23,11,13,1
11691,27,1,0,7,1,1
11693,382,21,22,11,13,1
11694,95,6,0,1,2,1
11695,157,46,6,7,1,1
11696,482,21,23,11,13,1
11697,82,8,3,0,1,1
11699,470,21,23,11,13,1
11700,273,18,19,11,13,1
11701,66,0,11,0,1,1
11702,342,7,0,1,2,1
11703,261,13,8,8,1,1
11705,14,2,0,0,16,1
11708,69,0,6,0,2,1
11709,93,6,0,1,2,1
11710,370,6,0,0,1,1
11715,172,1,0,0,1,1
11716,101,4,54,0,1,1
11717,146,20,4,3,1,1
11719,469,15,1,9,6,1
11720,42,0,14,0,4,1
11723,404,21,23,11,13,1
11732,4,0,0,0,16,1
11733,306,23,22,11,13,1
11735,480,12,4,104,6,1
11736,146,20,4,3,1,1
11737,66,0,11,0,1,1
11738,370,6,0,0,1,1
11739,344,23,22,11,13,1
11740,80,16,4,3,1,1
11749,58,0,30,0,2,1
11750,482,21,23,11,13,1
11752,156,4,4,3,1,1
11753,81,6,0,1,2,1
11755,64,23,0,11,1,1
11756,452,24,1,2,5,1
11757,142,18,4,3,1,1
11758,66,0,11,0,1,1
11766,370,6,0,0,1,1
11768,452,24,1,2,5,1
11769,28,0,0,0,2,1
11770,27,0,14,0,4,1
11771,255,8,4,8,1,1
11773,304,23,22,11,13,1
11774,148,15,0,3,1,1
11775,42,0,14,0,4,1
11777,66,0,11,0,1,1
11779,42,0,14,0,4,1
11780,66,0,11,0,1,1
11783,6,0,0,0,2,1
11784,4,0,22,0,2,1
11786,80,3,4,3,1,1
11787,66,0,11,0,1,1
11789,442,15,1,2,5,1
11790,146,20,4,3,1,1
11791,452,24,1,2,5,1
11792,8,0,0,0,15,1
11793,452,24,1,2,5,1
11794,452,24,1,2,5,1
11796,343,23,23,11,13,1
11797,262,8,9,9,4,1
11798,452,24,1,2,5,1
11802,29,0,28,0,2,1
11804,8,0,0,0,15,1
11805,66,0,11,0,1,1
11806,344,7,0,1,2,1
11808,301,18,15,11,13,1
11810,140,52,0,15,2,1
11811,156,4,4,3,1,1
11813,66,0,11,0,1,1
11814,487,23,1,4,5,1
11815,343,23,23,11,13,1
11824,73,0,8,0,2,1
11825,5,0,30,0,2,1
11826,399,83,0,10,9,1
11829,272,23,18,11,13,1
11832,146,20,4,3,1,1
11833,221,15,0,3,1,1
11834,10,51,0,7,2,1
11835,80,5,4,3,1,1
11836,261,13,8,8,1,1
11837,482,21,23,11,13,1
11838,289,0,16,0,2,1
11840,221,22,0,3,1,1
11841,482,21,23,11,13,1
11842,142,18,4,3,1,1
11843,370,6,0,0,1,1
11846,344,7,0,1,2,1
11847,12,0,29,0,2,1
11848,217,22,0,3,1,1
11849,19,0,17,0,2,1
11851,156,4,4,3,1,1
11854,407,23,23,11,13,1
11855,250,8,9,9,4,1
11856,7,0,1,0,1,1
11857,66,0,11,0,1,1
11858,156,4,4,3,1,1
11859,4,0,16,0,2,1
11860,5,2,39,0,2,1
11861,12,51,0,7,2,1
11862,6,0,0,0,2,1
11863,172,1,0,0,1,1
11866,78,0,15,0,4,1
11868,368,2,0,0,1,1
11870,87,35,1,0,1,1
11887,452,24,1,2,5,1
11888,27,0,40,0,2,1
11889,66,0,11,0,1,1
11890,364,6,0,0,1,1
11891,6,0,0,0,2,1
11892,344,7,0,1,2,1
11893,185,42,1,2,1,1
11894,6,0,0,0,2,1
11896,66,0,11,0,1,1
11897,262,8,9,9,4,1
11898,217,15,0,3,1,1
11899,185,42,1,2,1,1
11900,2,0,34,0,2,1
11902,7,0,1,0,1,1
11904,6,0,0,0,2,1
11905,0,0,14,0,0,1
11906,344,7,0,1,2,1
11907,66,0,11,0,1,1
11908,442,15,1,2,5,1
11910,399,83,0,10,9,1
11911,4,0,0,0,2,1
11912,142,18,4,3,1,1
11913,28,0,0,0,2,1
11914,160,22,17,11,13,1
11915,5,0,4,0,51,1
11916,73,0,16,0,2,1
11919,237,21,14,11,13,1
11920,12,0,8,0,2,1
11921,452,24,1,2,5,1
11924,3,0,5,1,3,1
11925,344,7,0,1,2,1
11926,95,44,6,7,1,1
11927,240,19,14,11,13,1
9379,108,0,0,0,1,1
9678,0,0,10,0,0,1
9810,14,0,24,0,1,1
10068,189,18,1,2,1,1
10417,109,0,16,0,1,1
10472,901,23,4,0,1,1
10518,507,29,2,4,6,1
10648,298,24,1,2,1,1
10732,1,0,0,0,1,1
10890,122,0,0,0,2,1
10962,14,0,0,0,1,1
11089,9,0,0,0,24,1
11138,986,23,4,0,1,1
11446,146,71,11,2,10,1
11588,339,6,2,1,1,1
11909,340,6,2,1,1,1
9384,146,0,17,0,3,1
9395,0,0,3,0,0,1
9445,0,0,5,0,0,1
9448,0,0,5,0,0,1
9489,7,0,0,0,4,1
9594,7,0,0,0,2,1
9627,121,8,0,0,10,1
9637,121,8,0,0,10,1
9640,11,0,10,0,1,1
9658,162,21,0,5,2,1
9672,0,0,3,0,0,1
9691,7,0,0,0,2,1
9710,176,2,0,1,2,1
9722,120,1,0,0,1,1
9730,0,0,0,0,0,1
9742,121,8,0,0,10,1
9743,20,0,0,0,21,1
9814,52,4,0,4,2,1
9818,162,21,0,5,2,1
9819,2,0,0,0,1,1
9828,17,40,0,1,5,1
9835,7,0,0,0,2,1
9852,7,0,0,0,4,1
9857,7,0,0,0,3,1
9868,69,0,24,0,1,1
9869,215,2,0,0,1,1
9870,10,0,2,0,3,1
9874,52,14,0,4,2,1
9875,215,2,0,0,1,1
9881,7,0,0,0,4,1
9896,199,1,0,0,1,1
9901,215,2,0,0,1,1
9911,7,0,0,0,2,1
9916,7,0,0,0,4,1
9929,7,0,0,0,3,1
9975,7,0,0,0,3,1
9982,7,0,0,0,2,1
9995,52,14,0,4,2,1
10030,52,14,0,4,2,1
10032,69,0,23,0,1,1
10061,215,2,0,0,1,1
10062,178,0,20,0,1,1
10069,0,0,1,0,0,1
10071,7,0,0,0,4,1
10073,7,0,0,0,4,1
10188,52,14,0,4,2,1
10197,121,8,0,0,10,1
10223,137,0,13,0,3,1
10253,52,14,0,4,2,1
10288,3,0,0,0,1,1
10298,0,0,5,0,0,1
10312,52,3,0,4,2,1
10313,162,21,0,5,2,1
10331,0,0,3,0,0,1
10366,7,0,0,0,4,1
10372,52,4,0,1,2,1
10403,0,0,3,0,0,1
10409,215,2,0,0,1,1
10410,7,0,0,0,2,1
10411,162,21,0,5,2,1
10412,162,21,0,5,2,1
10422,176,2,0,1,2,1
10428,52,14,0,4,2,1
10433,7,0,0,0,2,1
10461,176,2,0,1,2,1
10468,4,0,0,0,1,1
10470,121,8,0,0,10,1
10473,215,2,0,0,1,1
10479,7,0,0,0,4,1
10484,7,0,0,0,3,1
10497,177,1,0,0,1,1
10498,162,21,0,5,2,1
10505,121,8,0,0,10,1
10520,215,2,0,0,1,1
10543,69,0,23,0,1,1
10546,78,0,12,0,4,1
10565,10,0,0,0,3,1
10574,78,0,12,0,4,1
10583,52,14,0,4,2,1
10610,7,0,0,0,4,1
10616,7,0,0,0,2,1
10622,187,0,29,0,1,1
10631,115,8,0,0,4,1
10638,10,0,2,0,3,1
10666,7,0,0,0,3,1
10668,187,0,29,0,1,1
10669,52,3,0,4,2,1
10687,7,0,0,0,4,1
10700,52,14,0,4,2,1
10706,136,0,26,0,1,1
10715,7,0,0,0,3,1
10737,7,0,0,0,3,1
10740,121,8,0,0,10,1
10744,7,0,0,0,3,1
10755,52,14,0,4,2,1
10790,10,0,2,0,3,1
10791,0,0,1,0,0,1
10793,7,0,0,0,3,1
10822,7,0,0,0,8,1
10825,11,0,8,0,2,1
10838,7,0,0,0,3,1
10871,7,0,0,0,4,1
10884,0,0,3,0,0,1
10900,17,0,0,0,26,1
10902,0,0,1,0,0,1
10919,162,21,0,5,2,1
10943,42,2,0,1,2,1
10957,0,0,3,0,0,1
10961,162,21,0,5,2,1
11236,121,8,0,0,10,1
11255,52,14,0,4,2,1
11283,162,21,0,5,2,1
11286,215,2,0,0,1,1
11291,7,0,0,0,3,1
11294,162,21,0,5,2,1
11338,52,14,0,4,2,1
11348,162,21,0,5,2,1
11393,0,0,5,0,0,1
11406,7,0,0,0,2,1
11413,215,2,0,0,1,1
11416,10,0,2,0,3,1
11434,187,0,29,0,1,1
11440,7,0,0,0,3,1
11441,7,0,0,0,2,1
11448,0,0,3,0,0,1
11452,215,2,0,0,1,1
11471,52,4,0,1,2,1
11474,7,0,0,0,3,1
11478,121,8,0,0,10,1
11496,199,0,45,0,1,1
11532,121,8,0,0,10,1
11534,0,0,5,0,0,1
11576,115,8,0,0,4,1
11578,7,0,0,0,2,1
11581,7,0,0,0,3,1
11590,10,0,0,0,3,1
11597,162,21,0,5,2,1
11613,7,0,0,0,4,1
11617,0,0,1,0,0,1
11620,189,1,0,0,1,1
11623,7,0,0,0,4,1
11634,68,4,0,0,2,1
11661,17,0,0,0,22,1
11665,162,21,0,5,2,1
11686,189,1,0,0,1,1
11692,7,0,0,0,3,1
11706,215,2,0,0,1,1
11711,7,0,0,0,3,1
11721,7,0,0,0,4,1
11754,7,0,0,0,3,1
11776,52,14,0,4,2,1
11781,52,14,0,4,2,1
11799,162,21,0,5,2,1
11809,199,0,45,0,1,1
11816,162,21,0,5,2,1
11831,187,0,29,0,1,1
11839,65,4,0,0,2,1
11867,7,0,0,0,3,1
11871,176,2,0,1,2,1
11903,177,1,0,0,1,1
11923,10,0,2,0,3,1
9397,22,14,0,2,1,1
9405,0,0,2,0,0,1
9407,275,9,3,1,2,1
9412,0,0,2,0,0,1
9415,18,0,0,0,3,1
9447,7,0,0,0,2,1
9456,0,0,2,0,0,1
9457,5,0,2,0,1,1
9470,11,0,0,0,1,1
9472,6,0,6,0,1,1
9474,8,0,0,0,2,1
9485,3,0,0,0,1,1
9533,9,0,3,0,1,1
9535,7,0,0,0,4,1
9582,50,0,5,0,1,1
9607,149,0,4,0,1,1
9620,80,0,3,0,1,1
9621,13,0,7,0,1,1
9622,4,0,3,0,1,1
9624,14,1,0,0,2,1
9633,5,0,2,0,1,1
9635,54,2,0,0,7,1
9642,63,8,2,0,1,1
9656,7,0,0,0,3,1
9659,2,0,0,0,1,1
9663,4,0,0,0,1,1
9664,270,14,3,4,3,1
9665,6,0,6,0,1,1
9667,0,0,3,0,0,1
9680,8,6,0,0,1,1
9686,180,17,0,4,1,1
9687,55,0,5,0,1,1
9694,51,0,4,0,1,1
9709,4,0,3,0,1,1
9719,15,12,0,2,1,1
9724,60,0,14,0,1,1
9738,4,0,0,0,3,1
9745,22,0,5,0,1,1
9790,173,12,0,0,1,1
9795,15,12,0,3,1,1
9821,20,7,0,0,1,1
9824,56,0,4,0,1,1
9855,18,13,0,2,1,1
9888,149,0,4,0,1,1
9891,3,0,0,0,1,1
9903,2,0,0,0,1,1
9930,14,0,15,0,1,1
9943,205,16,1,1,2,1
9946,55,0,6,0,2,1
9961,4,0,3,0,1,1
9963,80,0,7,0,1,1
9967,13,0,9,0,1,1
9976,13,7,0,0,1,1
9978,7,0,0,0,3,1
9983,11,0,8,0,1,1
9996,79,1,0,0,1,1
10003,270,14,3,4,3,1
10005,13,0,25,0,1,1
10057,5,0,3,0,2,1
10075,9,1,0,0,2,1
10077,173,11,0,0,1,1
10100,11,0,7,0,1,1
10101,6,0,2,0,1,1
10138,2,0,0,0,1,1
10140,5,0,2,0,1,1
10143,22,14,0,2,1,1
10145,13,14,0,3,1,1
10146,3,0,1,0,1,1
10147,1,0,1,0,1,1
10156,15,12,0,2,1,1
10158,11,0,6,0,1,1
10171,2,0,0,0,1,1
10180,15,13,0,2,1,1
10181,0,0,1,0,0,1
10193,83,0,10,0,1,1
10194,7,0,0,0,4,1
10207,148,1,3,0,1,1
10209,4,0,3,0,1,1
10224,51,0,4,0,1,1
10230,10,0,0,0,9,1
10236,0,0,2,0,0,1
10241,9,0,3,0,1,1
10243,58,2,0,0,12,1
10265,318,30,0,4,1,1
10299,22,14,0,2,1,1
10302,8,0,0,0,1,1
10325,0,0,3,0,0,1
10327,5,2,0,0,1,1
10328,187,19,0,4,1,1
10332,9,1,0,0,5,1
10336,187,19,0,4,1,1
10348,22,14,0,2,1,1
10362,58,2,0,0,13,1
10398,0,0,5,0,0,1
10400,7,0,0,0,3,1
10402,108,7,2,0,1,1
10405,79,1,0,0,1,1
10495,173,11,0,0,1,1
10507,187,19,0,4,1,1
10514,7,1,3,0,1,1
10516,56,0,5,0,1,1
10517,0,0,5,0,0,1
10519,1,0,0,0,1,1
10528,0,0,2,0,0,1
10538,7,1,3,0,1,1
10539,7,0,0,0,3,1
10547,3,0,0,0,1,1
10549,8,0,0,0,1,1
10557,8,0,0,0,2,1
10562,4,0,3,0,1,1
10573,6,0,6,0,1,1
10604,173,11,0,0,1,1
10605,7,0,0,0,3,1
10615,187,19,0,4,1,1
10617,8,0,3,0,2,1
10637,4,0,4,0,1,1
10686,2,0,0,0,1,1
10693,194,7,1,1,2,1
10697,15,0,4,0,1,1
10705,3,0,0,0,1,1
10707,1,0,1,0,1,1
10719,0,0,3,0,0,1
10757,4,0,0,0,2,1
10792,19,0,21,0,1,1
10797,7,0,0,0,2,1
10818,15,12,0,2,1,1
10839,4,0,0,0,2,1
10847,4,0,3,0,1,1
10887,22,14,0,2,1,1
10904,187,19,0,4,1,1
10912,0,0,2,0,0,1
10915,173,12,0,0,1,1
10921,10,0,0,0,8,1
10922,5,0,2,0,1,1
10926,8,0,0,0,1,1
10946,243,31,1,1,2,1
10952,0,0,2,0,0,1
11099,4,0,3,0,1,1
11131,18,2,0,0,4,1
11132,0,0,2,0,0,1
11185,209,25,0,4,1,1
11200,16,0,6,0,1,1
11207,2,0,0,0,1,1
11213,7,0,4,0,1,1
11230,10,0,4,0,1,1
11247,5,0,0,0,2,1
11268,9,0,6,0,1,1
11276,2,0,0,0,1,1
11296,85,5,0,0,1,1
11358,7,1,3,0,1,1
11378,2,0,0,0,1,1
11398,184,0,15,0,4,1
11401,0,0,2,0,0,1
11405,167,1,3,0,1,1
11410,7,1,3,0,1,1
11435,6,0,2,0,1,1
11447,5,0,3,0,2,1
11453,85,5,0,0,1,1
11458,10,0,0,0,8,1
11483,7,1,3,0,1,1
11513,116,5,0,0,1,1
11514,173,11,0,0,1,1
11521,2,0,0,0,1,1
11523,194,7,1,1,2,1
11528,50,0,5,0,1,1
11538,7,1,3,0,1,1
11550,79,1,0,0,1,1
11554,5,0,3,0,2,1
11575,22,0,9,0,2,1
11583,146,29,4,0,1,1
11586,0,0,3,0,0,1
11596,173,12,0,0,1,1
11599,6,0,6,0,1,1
11632,0,0,2,0,0,1
11633,7,0,0,0,4,1
11664,7,8,0,1,1,1
11666,278,20,3,5,3,1
11673,6,0,6,0,1,1
11683,0,0,2,0,0,1
11689,5,0,2,0,1,1
11698,3,0,14,0,4,1
11704,8,0,0,0,2,1
11718,7,8,0,1,1,1
11731,303,8,1,2,6,1
11734,65,0,1,0,1,1
11741,7,5,0,0,1,1
11751,7,0,13,0,1,1
11767,14,0,6,0,1,1
11778,5,0,2,0,1,1
11782,5,0,2,0,1,1
11785,80,0,4,0,1,1
11795,3,0,0,0,1,1
11803,15,2,3,0,1,1
11807,54,0,6,0,1,1
11827,6,0,6,0,1,1
11830,4,0,3,0,1,1
11844,1,0,1,0,1,1
11845,90,1,0,0,3,1
11850,12,0,13,0,1,1
11853,187,19,0,5,1,1
11865,260,7,1,2,6,1
11872,51,0,9,0,1,1
11895,197,0,24,0,1,1
11901,2,0,0,0,1,1
11918,6,0,6,0,1,1
11928,5,0,4,0,2,1
9442,265,29,1,0,2,1
9586,122,1,0,0,6,1
9679,122,1,0,0,7,1
9739,268,23,1,0,2,1
9879,7,0,0,0,1,1
9962,268,23,1,0,2,1
9968,268,19,1,0,2,1
10424,122,1,0,0,7,1
10620,310,43,6,8,2,1
10789,123,1,0,0,6,1
11095,126,0,37,0,3,1
11235,123,1,0,0,6,1
11788,270,30,1,0,2,1
9486,6,2,0,0,1,1
9581,6,2,0,0,1,1
9771,6,2,0,0,1,1
9927,2,0,5,0,1,1
10028,6,2,0,0,1,1
10107,6,2,0,0,1,1
10544,6,2,0,0,1,1
10601,6,2,0,0,1,1
10627,6,2,0,0,1,1
10644,6,2,0,0,1,1
10650,5,2,0,0,1,1
10751,6,2,0,0,1,1
10810,6,2,0,0,1,1
10814,6,2,0,0,1,1
10958,6,2,0,0,1,1
10963,6,2,0,0,1,1
10982,6,2,0,0,1,1
10983,6,2,0,0,1,1
10984,6,2,0,0,1,1
10985,6,2,0,0,1,1
10986,2,0,5,0,1,1
11005,2,0,5,0,1,1
11006,2,0,5,0,1,1
11025,2,0,5,0,1,1
11026,2,0,5,0,1,1
11045,2,0,5,0,1,1
11046,2,0,5,0,1,1
11047,6,2,0,0,1,1
11049,6,2,0,0,1,1
11252,6,2,0,0,1,1
11289,6,2,0,0,1,1
11326,6,2,0,0,1,1
11512,6,2,0,0,1,1
11530,6,2,0,0,1,1
11580,73,6,0,6,1,1
11594,8,3,0,5,1,1
11852,73,6,0,6,1,1
9806,22,34,0,4,1,1
10196,0,0,8,0,0,1
11208,3,4,1,1,4,1
10033,107,6,0,0,1,1
10803,394,1,5,2,1,1
10906,117,9,2,2,3,1
11323,117,9,2,2,3,1
11508,0,0,2,0,0,1
11539,326,1,5,2,1,1
11204,0,0,0,0,0,1
11497,137,0,0,0,14,1
11545,268,7,5,1,1,1
11560,106,28,4,0,1,1
11582,8,0,0,0,3,1
34943,65,0,2,0,1,0
34944,6,0,0,0,2,0
34945,4,0,0,0,2,0
34946,70,0,51,0,3,0
34947,4,0,6,0,2,0
34948,56,0,3,0,1,0
34949,279,21,0,3,1,0
34950,9,0,11,0,5,0
34951,19,1,0,3,3,0
34952,10,0,0,0,5,0
34953,6,6,5,1,3,0
34954,105,43,0,7,1,0
34955,436,13,0,5,7,0
34956,65,6,7,5,1,0
34957,10,0,0,0,5,0
34958,99,0,8,0,2,0
34959,105,83,0,11,5,0
34960,127,0,4,0,1,0
34961,18,0,0,0,2,0
34962,670,124,8,13,1,0
34963,153,0,9,0,2,0
34964,19,1,0,3,3,0
34965,0,0,3,0,0,0
34966,93,25,0,6,2,0
34967,0,0,2,0,0,0
34968,15,0,22,0,2,0
34969,864,64,5,2,5,0
34970,1079,17,2,1,4,0
34971,86,0,0,0,9,0
34972,12,0,0,0,2,0
34973,24,0,8,0,2,0
34974,919,68,5,2,5,0
34975,236,4,0,3,3,0
34976,283,4,3,0,1,0
34977,10,0,0,0,2,0
34978,68,0,51,0,5,0
34979,78,15,0,4,4,0
34980,527,71,5,5,1,0
34981,0,0,4,0,0,0
34982,287,20,0,7,3,0
34983,0,0,3,0,0,0
34984,26,1,0,0,36,0
34985,58,9,0,0,1,0
34986,4,0,0,0,6,0
34987,97,0,11,0,1,0
34988,0,0,0,0,0,0
34989,535,7,15,2,3,0
34990,0,0,2,0,0,0
34991,204,78,0,15,2,0
34992,425,43,0,5,6,0
34993,15,0,8,0,2,0
34994,208,14,0,5,5,0
34995,8,0,0,0,2,0
34996,206,20,35,1,1,0
34997,332,24,0,5,3,0
34998,84,0,15,0,2,0
34999,80,2,1,0,1,0
35000,198,11,12,1,1,0
35001,6,0,0,0,2,0
35002,4,0,0,0,2,0
35003,26,1,0,0,36,0
35004,655,50,6,8,1,0
35005,56,0,3,0,1,0
35006,77,1,8,0,3,0
35007,260,1,30,0,4,0
35008,17,0,1,0,1,0
35009,91,0,0,0,2,0
35010,471,19,1,1,5,0
35011,1261,206,1,25,11,0
35012,5,0,2,0,1,0
35013,49,0,8,0,1,0
35014,649,14,3,0,1,0
35015,10,0,0,0,2,0
35016,83,2,0,0,4,0
35017,82,0,34,0,3,0
35018,624,0,80,0,2,0
35019,316,0,105,0,1,0
35020,56,0,3,0,1,0
35021,99,49,0,41,5,0
35022,36,0,8,0,4,0
35023,31,17,0,3,1,0
35024,1170,17,6,1,4,0
35025,816,31,14,0,4,0
35026,31,0,34,0,2,0
35027,460,36,1,3,5,0
35028,169,0,41,0,3,0
35029,1261,200,1,24,11,0
35030,171,45,4,0,1,0
35031,89,42,0,6,3,0
35032,840,36,18,14,4,0
35033,10,0,25,0,6,0
35034,321,17,9,0,4,0
35035,1097,16,10,2,4,0
35036,26,2,0,3,3,0
35037,26,0,11,0,1,0
35038,55,0,0,0,19,0
35039,79,0,47,0,6,0
35040,103,0,69,0,6,0
35041,413,38,0,3,4,0
35042,93,0,56,0,8,0
35043,208,14,0,5,5,0
35044,39,0,8,0,2,0
35045,249,7,2,2,4,0
35046,65,0,2,0,1,0
35047,89,0,34,0,6,0
35048,81,3,0,3,3,0
35049,97,2,0,0,4,0
35050,386,19,1,1,3,0
35051,0,0,2,0,0,0
35052,853,62,7,6,1,0
35053,5,0,2,0,1,0
35054,154,6,7,5,1,0
35055,1261,200,1,24,11,0
35056,81,3,0,3,3,0
35057,81,3,0,3,3,0
35058,88,42,0,7,2,0
35059,471,25,2,1,3,0
35060,234,0,22,0,2,0
35061,509,2,2,0,1,0
35062,5,0,20,0,2,0
35063,31,24,0,3,1,0
35064,0,0,3,0,0,0
35065,3,0,5,1,3,0
35066,262,23,0,4,4,0
35067,142,1,27,0,3,0
35068,118,0,13,0,3,0
35069,656,118,7,21,1,0
35070,118,0,14,0,3,0
35071,176,31,0,6,2,0
35072,81,3,0,3,3,0
35073,27,0,29,0,4,0
35074,172,11,0,5,3,0
35075,409,12,0,3,4,0
35076,145,0,0,0,1,0
35077,880,19,2,3,4,0
35078,420,12,6,3,7,0
35079,0,0,3,0,0,0
35080,19,1,0,3,3,0
35081,4,2,0,0,2,0
35082,12,0,6,0,2,0
35083,332,24,0,5,3,0
35084,149,2,2,0,1,0
35085,88,0,27,0,2,0
35086,158,61,0,13,5,0
35087,32,0,8,0,2,0
35088,13,2,0,0,1,0
35089,0,0,0,0,0,0
35090,182,0,22,0,1,0
35091,12,0,7,0,2,0
35092,853,64,5,2,5,0
35093,166,22,0,7,8,0
35094,8,0,0,0,1,0
35095,65,0,3,0,1,0
35096,8,0,0,0,1,0
35097,101,66,0,10,3,0
35098,56,0,3,0,1,0
35099,289,24,0,6,4,0
35100,880,30,11,4,1,0
35101,6,0,35,0,4,0
35102,10,7,5,1,3,0
35103,392,36,1,5,5,0
35104,667,104,0,13,4,0
35105,10,0,0,0,9,0
35106,470,63,1,6,5,0
35107,923,44,3,2,4,0
35108,176,13,0,3,1,0
35109,89,0,33,0,5,0
35110,81,0,9,0,2,0
35111,22,37,7,2,2,0
35112,1846,81,18,0,1,0
35113,425,43,0,5,6,0
35114,0,0,7,0,0,0
35115,142,1,27,0,3,0
35116,135,6,0,1,2,0
35117,673,22,5,2,1,0
35118,10,0,0,0,2,0
35119,667,104,0,13,4,0
35120,98,0,6,0,2,0
35121,100,24,0,4,2,0
35122,71,0,34,0,5,0
35123,73,48,0,7,2,0
35124,1181,14,6,1,4,0
35125,84,20,0,5,3,0
35126,386,13,1,4,1,0
35127,306,12,8,4,2,0
35128,26,1,0,0,36,0
35129,378,24,22,11,13,0
35130,85,0,0,0,20,0
35131,89,2,0,0,3,0
35132,442,15,1,2,5,0
35133,1013,40,3,2,4,0
35134,0,0,3,0,0,0
35135,105,0,56,0,8,0
35136,1108,40,16,1,5,0
35137,180,0,0,0,10,0
35138,39,0,8,0,2,0
35139,13,2,0,0,1,0
35140,404,70,1,10,8,0
35141,925,56,5,2,5,0
35142,206,59,8,6,2,0
35143,10,0,0,0,5,0
35144,310,27,0,10,4,0
35145,781,23,17,7,5,0
35146,65,0,3,0,1,0
35147,854,37,12,6,1,0
35148,8,0,0,0,2,0
35149,283,4,3,0,1,0
35150,118,0,13,0,3,0
35151,158,61,0,13,5,0
35152,8,0,0,0,2,0
35153,81,3,0,3,3,0
35154,0,0,0,0,0,0
35155,17,0,0,0,2,0
35156,216,120,0,15,9,0
35157,13,2,0,0,1,0
35158,95,0,0,0,1,0
35159,14,0,25,0,2,0
35160,14,0,7,0,2,0
35161,98,47,0,22,5,0
35162,68,0,22,0,1,0
35163,1719,23,18,0,5,0
35164,211,11,3,1,2,0
35165,0,0,0,0,0,0
35166,99,57,0,33,5,0
35167,17,0,0,0,2,0
35168,6,0,0,0,2,0
35169,444,23,23,11,13,0
35170,65,0,2,0,1,0
35171,634,42,1,7,9,0
35172,463,80,5,2,1,0
35173,142,1,27,0,3,0
35174,346,18,15,0,1,0
35175,157,48,0,5,3,0
35176,289,24,0,6,4,0
35177,97,11,0,0,1,0
35178,442,15,1,2,5,0
35179,173,24,0,6,2,0
35180,99,2,0,0,17,0
35181,332,24,0,5,3,0
35182,0,0,4,0,0,0
35183,7,0,39,0,6,0
35184,56,0,3,0,1,0
35185,17,0,0,0,2,0
35186,75,1,4,0,1,0
35187,637,39,4,0,6,0
35188,19,0,25,0,2,0
35189,0,0,2,0,0,0
35190,0,0,8,0,0,0
35191,160,38,9,8,4,0
35192,422,35,7,7,1,0
35193,289,23,0,3,1,0
35194,127,0,8,0,1,0
35195,4,1,0,0,14,0
35196,1045,8,5,1,4,0
35197,12,0,0,0,2,0
35198,247,11,2,0,1,0
35199,12,0,6,0,2,0
35200,263,19,8,1,4,0
35201,15,2,0,0,1,0
35202,73,0,56,0,5,0
35203,1261,206,1,25,11,0
35204,422,35,7,7,1,0
35205,6,0,13,0,5,0
35206,14,0,7,0,2,0
35207,208,14,0,5,5,0
35208,208,14,0,5,5,0
35209,84,20,0,5,3,0
35210,285,38,0,10,10,0
35211,1,0,3,0,3,0
35212,14,0,10,0,2,0
35213,62,0,0,0,2,0
35214,17,0,0,0,2,0
35215,142,1,29,0,3,0
35216,19,1,0,3,3,0
35217,3,29,0,4,1,0
35218,81,3,0,3,3,0
35219,27,0,29,0,4,0
35220,99,0,32,0,2,0
35221,0,0,2,0,0,0
35222,12,0,0,0,2,0
35223,2,4,0,3,3,0
35224,0,0,0,0,0,0
35225,876,19,2,3,4,0
35226,0,0,2,0,0,0
35227,23,0,29,0,7,0
35228,714,55,3,0,5,0
35229,128,11,3,1,1,0
35230,10,0,0,0,2,0
35231,73,0,3,0,2,0
35232,93,0,11,0,2,0
35233,0,0,4,0,0,0
35234,12,0,6,0,2,0
35235,82,0,17,0,2,0
35236,142,1,27,0,3,0
35237,56,0,3,0,1,0
35238,15,2,0,0,1,0
35239,65,0,3,0,1,0
35240,191,6,0,1,2,0
35241,6,0,0,0,2,0
35242,458,15,2,5,1,0
35243,95,34,0,4,3,0
35244,89,0,25,0,4,0
35245,81,3,0,3,3,0
35246,0,0,3,0,0,0
35247,64,0,0,0,2,0
35248,62,0,7,0,2,0
35249,44,78,0,12,3,0
35250,388,14,1,1,5,0
35251,627,72,10,0,8,0
35252,4,0,8,0,2,0
35253,70,0,2,0,33,0
35254,12,0,6,0,2,0
35255,7,0,25,0,2,0
35256,502,129,0,9,6,0
35257,75,0,19,0,2,0
35258,627,72,10,0,8,0
35259,255,9,1,0,2,0
35260,300,50,0,16,5,0
35261,39,0,8,0,2,0
35262,6,23,0,6,3,0
35263,65,0,3,0,1,0
35264,255,9,1,0,2,0
35265,0,0,3,0,0,0
35266,0,0,1,0,0,0
35267,39,0,8,0,2,0
35268,106,0,23,0,2,0
35269,156,46,0,7,3,0
35270,96,0,36,0,4,0
35271,68,0,18,0,1,0
35272,329,100,0,8,3,0
35273,283,4,3,0,1,0
35274,260,0,13,0,2,0
35275,87,0,8,0,3,0
35276,13,0,0,0,2,0
35277,295,23,0,7,3,0
35278,180,0,0,0,10,0
35279,272,12,4,0,2,0
35280,924,64,5,2,5,0
35281,19,1,0,3,3,0
35282,187,1,58,0,3,0
35283,36,41,0,8,2,0
35284,2,4,0,3,3,0
35285,56,0,3,0,1,0
35286,322,11,2,0,1,0
35287,852,18,5,1,2,0
35288,35,44,0,3,3,0
35289,139,1,13,0,3,0
35290,10,31,10,0,6,0
35291,105,0,55,0,6,0
35292,41,19,0,3,1,0
35293,436,13,0,5,7,0
35294,0,0,1,0,0,0
35295,31,0,27,0,4,0
35296,90,16,0,0,4,0
35297,15,0,0,0,39,0
35298,392,12,1,1,5,0
35299,803,18,5,1,2,0
35300,15,0,2,0,33,0
35301,0,0,0,0,0,0
35302,262,23,0,4,4,0
35303,110,0,6,0,2,0
35304,44,0,29,0,4,0
35305,6,0,0,0,2,0
35306,12,0,0,0,2,0
35307,134,0,3,0,1,0
35308,84,20,0,5,3,0
35309,392,29,1,4,5,0
35310,4,0,8,0,2,0
35311,0,0,2,0,0,0
35312,258,8,0,0,5,0
35313,2,0,14,0,2,0
35314,247,9,0,0,4,0
35315,81,3,0,3,3,0
35316,26,2,0,3,3,0
35317,41,19,0,3,1,0
35318,489,3,5,3,3,0
35319,15,0,22,0,2,0
35320,274,43,4,8,1,0
35321,142,1,29,0,3,0
35322,177,0,25,0,8,0
35323,76,0,0,0,13,0
35324,56,0,3,0,1,0
35325,19,1,0,3,3,0
35326,15,0,6,0,2,0
35327,15,2,0,0,1,0
35328,73,0,3,0,2,0
35329,17,0,0,0,2,0
35330,1011,116,8,6,1,0
35331,74,0,0,0,11,0
35332,12,0,0,0,2,0
35333,17,0,0,0,2,0
35334,152,12,0,4,5,0
35335,245,95,11,1,3,0
35336,264,8,1,4,1,0
35337,346,18,15,0,1,0
35338,264,11,2,0,1,0
35339,12,0,0,0,2,0
35340,300,6,5,3,3,0
35341,0,0,0,0,0,0
35342,15,0,34,0,2,0
35343,182,18,2,2,4,0
35344,19,1,0,3,3,0
35345,1108,14,6,1,4,0
35346,12,0,19,0,2,0
35347,14,0,52,0,6,0
35348,388,14,1,1,5,0
35349,142,1,27,0,3,0
35350,779,38,3,0,5,0
35351,923,56,5,2,5,0
35352,39,0,8,0,2,0
35353,74,0,0,0,9,0
35354,111,0,34,0,3,0
35355,0,0,2,0,0,0
35356,0,0,0,0,0,0
35357,139,1,13,0,3,0
35358,379,70,0,6,4,0
35359,1184,71,7,0,5,0
35360,159,22,0,5,3,0
35361,7,30,10,0,6,0
35362,425,128,7,10,4,0
35363,405,0,33,0,2,0
35364,72,0,22,0,2,0
35365,1263,200,1,24,11,0
35366,6,0,0,0,2,0
35367,69,0,8,0,2,0
35368,10,0,0,0,5,0
35369,56,0,3,0,1,0
35370,78,108,3,1,1,0
35371,21,2,0,0,9,0
35372,83,0,2,0,2,0
35373,877,12,13,5,5,0
35374,10,0,0,0,9,0
35375,258,9,0,0,5,0
35376,26,1,0,0,36,0
35377,255,9,1,0,2,0
35378,304,0,12,0,3,0
35379,432,10,4,4,1,0
35380,84,20,0,5,3,0
35381,694,10,21,6,1,0
35382,13,0,0,0,2,0
35383,396,20,1,5,2,0
35384,1154,19,14,5,5,0
35385,81,3,0,3,3,0
35386,256,12,4,0,2,0
35387,313,0,56,0,3,0
35388,152,12,0,4,5,0
35389,963,8,6,4,3,0
35390,250,12,0,2,1,0
35391,63,0,39,0,3,0
35392,92,0,9,0,2,0
35393,204,1,28,0,3,0
35394,62,0,48,0,1,0
35395,206,20,35,1,1,0
35396,11,0,6,0,2,0
35397,176,0,75,0,7,0
35398,774,46,12,0,5,0
35399,127,0,6,0,1,0
35400,351,0,33,0,5,0
35401,12,0,0,0,2,0
35402,65,0,3,0,1,0
35403,142,1,29,0,3,0
35404,12,0,0,0,2,0
35405,17,0,0,0,2,0
35406,166,2,0,0,53,0
35407,142,1,29,0,3,0
35408,0,0,2,0,0,0
35409,204,1,28,0,3,0
35410,81,3,0,3,3,0
35411,17,0,0,0,2,0
35412,3,0,0,0,8,0
35413,70,0,14,0,2,0
35414,82,0,0,0,11,0
35415,6,0,0,0,2,0
35416,6,6,1,0,2,0
35417,771,108,17,28,2,0
35418,81,3,0,3,3,0
35419,0,0,0,0,0,0
35420,191,39,0,7,2,0
35421,286,37,0,3,2,0
35422,399,79,0,7,3,0
35423,41,19,0,3,1,0
35424,906,39,6,0,4,0
35425,201,1,14,0,3,0
35426,17,0,0,0,2,0
35427,56,0,3,0,1,0
35428,236,4,0,3,3,0
35429,1169,48,30,3,3,0
35430,963,8,6,4,3,0
35431,100,0,26,0,2,0
35432,5,0,2,0,1,0
35433,117,0,70,0,5,0
35434,13,0,0,0,2,0
35435,627,69,13,14,2,0
35436,22,83,0,11,1,0
35437,268,10,0,0,5,0
35438,880,19,2,3,4,0
35439,11,0,0,0,25,0
35440,99,0,10,0,2,0
35441,8,0,0,0,1,0
35442,805,58,23,0,1,0
35443,56,0,18,0,1,0
35444,81,3,0,3,3,0
35445,263,19,8,1,4,0
35446,16,0,0,0,14,0
35447,120,17,0,4,1,0
35448,142,1,27,0,3,0
35449,81,3,0,3,3,0
35450,0,0,10,0,0,0
35451,199,1,13,0,4,0
35452,809,19,2,3,4,0
35453,31,17,0,0,4,0
35454,885,18,5,1,2,0
35455,355,0,30,0,4,0
35456,312,12,12,0,2,0
35457,247,7,0,1,2,0
35458,828,42,1,4,4,0
35459,377,87,0,10,3,0
35460,12,0,0,0,1,0
35461,764,11,5,2,1,0
35462,83,0,0,0,2,0
35463,208,14,0,5,5,0
35464,98,8,0,4,4,0
35465,68,0,18,0,1,0
35466,152,12,0,4,5,0
35467,855,56,5,2,5,0
35468,143,0,17,0,1,0
35469,330,0,19,0,15,0
35470,22,0,26,0,4,0
35471,27,36,0,3,3,0
35472,142,1,27,0,3,0
35473,728,44,1,6,9,0
35474,774,46,12,0,5,0
35475,2549,18,4,0,1,0
35476,17,0,0,0,2,0
35477,2,0,0,0,11,0
35478,92,0,0,0,5,0
35479,383,53,12,4,1,0
35480,306,12,8,4,2,0
35481,281,6,5,1,2,0
35482,15,0,8,0,2,0
35483,289,24,0,6,4,0
35484,812,42,2,5,4,0
35485,56,0,2,0,2,0
35486,99,0,13,0,2,0
35487,1016,47,3,2,4,0
35488,36,7,0,4,4,0
35489,1696,23,17,0,5,0
35490,133,15,2,0,1,0
35491,7,0,0,0,16,0
35492,0,0,0,0,0,0
35493,26,1,0,0,36,0
35494,75,0,35,0,7,0
35495,147,0,7,0,2,0
35496,425,43,0,5,6,0
35497,145,2,0,0,10,0
35498,97,11,0,0,1,0
35499,394,29,1,4,5,0
35500,204,1,28,0,3,0
35501,10,0,0,0,9,0
35502,869,70,7,0,5,0
35503,248,12,2,0,1,0
35504,201,1,21,0,3,0
35505,190,51,0,4,3,0
35506,316,0,56,0,3,0
35507,0,0,3,0,0,0
35508,206,11,3,1,2,0
35509,165,0,52,0,5,0
35510,22,0,26,0,4,0
35511,19,0,0,0,1,0
35512,403,21,1,1,5,0
35513,2,0,6,0,2,0
35514,444,20,1,1,3,0
35515,65,0,4,0,1,0
35516,81,3,0,3,3,0
35517,732,0,91,0,7,0
35518,97,55,0,10,3,0
35519,92,0,30,0,4,0
35520,386,19,1,1,3,0
35521,15,0,22,0,2,0
35522,78,2,0,0,6,0
35523,4,0,6,0,2,0
35524,6,49,0,7,2,0
35525,81,0,0,0,1,0
35526,778,20,20,5,5,0
35527,736,9,4,2,1,0
35528,933,46,18,0,7,0
35529,12,0,36,0,4,0
35530,112,30,0,6,2,0
35531,129,0,3,0,1,0
35532,1793,13,4,0,1,0
35533,61,1,78,0,1,0
35534,168,0,19,0,2,0
35535,180,0,0,0,10,0
35536,6,0,36,0,4,0
35537,139,1,13,0,3,0
35538,764,11,5,2,1,0
35539,12,0,0,0,1,0
35540,923,44,3,2,4,0
35541,56,0,3,0,1,0
35542,480,12,4,104,6,0
35543,41,19,0,3,1,0
35544,142,1,27,0,3,0
35545,1,0,3,0,3,0
35546,184,0,47,0,5,0
35547,199,0,27,0,1,0
35548,281,6,5,1,2,0
35549,20,0,0,0,3,0
35550,176,0,34,0,4,0
35551,0,0,2,0,0,0
35552,748,33,3,2,4,0
35553,0,0,0,0,0,0
35554,81,3,0,3,3,0
35555,304,0,12,0,3,0
35556,45,0,0,0,1,0
35557,466,21,1,3,5,0
35558,81,3,0,3,3,0
35559,119,0,18,0,2,0
35560,8,0,41,0,19,0
35561,506,34,11,14,1,0
35562,27,36,0,3,3,0
35563,512,37,2,4,2,0
35564,190,51,0,4,3,0
35565,86,0,6,0,2,0
35566,186,6,2,1,4,0
35567,322,11,2,0,1,0
35568,239,2,0,0,79,0
35569,814,48,2,5,4,0
35570,204,4,1,1,1,0
35571,5,0,4,0,64,0
35572,12,0,0,0,2,0
35573,65,0,3,0,1,0
35574,679,54,5,2,5,0
35575,994,47,3,2,4,0
35576,258,8,0,0,5,0
35577,3,0,15,0,2,0
35578,924,38,3,2,4,0
35579,760,12,1,1,2,0
35580,187,0,46,0,5,0
35581,81,3,0,3,3,0
35582,0,0,2,0,0,0
35583,64,0,3,0,1,0
35584,209,0,26,0,2,0
35585,458,93,10,2,2,0
35586,0,0,4,0,0,0
35587,108,0,16,0,2,0
35588,117,0,52,0,6,0
35589,172,26,0,10,5,0
35590,41,13,0,5,3,0
35591,72,1,1,0,1,0
35592,1,7,5,1,3,0
35593,98,31,14,9,1,0
35594,14,0,25,0,2,0
35595,56,0,3,0,1,0
35596,12,0,20,0,2,0
35597,769,35,3,2,4,0
35598,157,47,0,4,5,0
35599,73,53,0,8,4,0
35600,919,68,5,2,5,0
35601,65,0,9,0,1,0
35602,390,14,1,4,1,0
35603,351,0,33,0,5,0
35604,1524,10,4,0,1,0
35605,84,20,0,5,3,0
35606,9,9,4,0,2,0
35607,824,40,10,15,3,0
35608,82,2,1,0,1,0
35609,185,0,46,0,5,0
35610,852,18,5,1,2,0
35611,27,0,20,0,2,0
35612,83,49,0,7,5,0
35613,4,0,8,0,2,0
35614,20,0,46,0,5,0
35615,0,0,8,0,0,0
35616,740,44,5,0,5,0
35617,72,0,0,0,9,0
35618,105,0,26,0,2,0
35619,901,46,3,2,4,0
35620,17,0,0,0,2,0
35621,0,0,2,0,0,0
35622,0,0,0,0,0,0
35623,37,0,16,0,2,0
35624,923,56,5,2,5,0
35625,172,0,43,0,6,0
35626,436,12,0,5,7,0
35627,923,44,3,2,4,0
35628,775,14,1,0,4,0
35629,17,0,0,0,2,0
35630,12,0,7,0,2,0
35631,0,0,0,0,0,0
35632,142,1,29,0,3,0
35633,0,0,2,0,0,0
35634,433,12,0,1,4,0
35635,74,0,55,0,6,0
35636,111,0,34,0,3,0
35637,83,2,0,0,10,0
35638,13,0,0,0,4,0
35639,13,2,0,0,1,0
35640,60,0,39,0,5,0
35641,68,4,0,4,3,0
35642,17,0,0,0,2,0
35643,448,20,1,1,3,0
35644,84,4,0,4,3,0
35645,10,0,0,0,4,0
35646,15,0,0,0,34,0
35647,81,3,0,3,3,0
35648,1,0,3,0,3,0
35649,0,0,2,0,0,0
35650,2083,88,2,3,5,0
35651,870,49,8,3,9,0
35652,480,12,4,104,6,0
35653,105,0,49,0,7,0
35654,82,0,0,0,11,0
35655,397,42,1,5,5,0
35656,694,74,10,0,8,0
35657,12,0,0,0,2,0
35658,2,0,0,0,3,0
35659,332,24,0,5,3,0
35660,7,0,2,0,38,0
35661,66,75,0,3,1,0
35662,12,0,6,0,2,0
35663,126,16,0,5,3,0
35664,142,1,27,0,3,0
35665,1286,37,10,0,2,0
35666,74,0,0,0,9,0
35667,184,0,24,0,5,0
35668,171,45,4,0,1,0
35669,966,19,2,3,4,0
35670,12,0,0,0,2,0
35671,83,0,0,0,3,0
35672,501,8,1,0,1,0
35673,328,15,1,0,2,0
35674,74,0,0,0,9,0
35675,425,43,0,5,6,0
35676,17,0,0,0,2,0
35677,228,22,3,3,6,0
35678,332,24,0,5,3,0
35679,12,0,6,0,2,0
35680,158,61,0,13,5,0
35681,148,0,10,0,3,0
35682,84,20,0,5,3,0
35683,436,38,0,9,2,0
35684,0,0,14,0,0,0
35685,0,0,2,0,0,0
35686,413,35,1,3,5,0
35687,151,56,0,6,2,0
35688,750,46,2,4,1,0
35689,236,4,0,3,3,0
35690,113,0,6,0,2,0
35691,1272,65,10,6,2,0
35692,65,0,3,0,1,0
35693,192,0,16,0,1,0
35694,151,1,11,0,3,0
35695,78,28,0,2,1,0
35696,4,0,26,0,1,0
35697,16,0,0,0,21,0
35698,152,0,0,0,1,0
35699,448,33,1,3,5,0
35700,12,0,0,0,2,0
35701,56,0,3,0,1,0
35702,2,0,6,0,1,0
35703,157,48,0,5,3,0
35704,116,0,49,0,10,0
35705,14,18,0,1,1,0
35706,0,0,3,0,0,0
35707,0,0,0,0,0,0
35708,1016,38,3,2,4,0
35709,73,0,46,0,4,0
35710,106,58,0,28,6,0
35711,84,0,0,0,16,0
35712,574,60,5,0,2,0
35713,759,6,8,0,5,0
35714,0,0,0,0,0,0
35715,1,0,3,0,3,0
35716,8,0,0,0,1,0
35717,98,0,6,0,2,0
35718,81,3,0,3,3,0
35719,12,0,0,0,2,0
35720,30,55,0,11,5,0
35721,19,1,0,3,3,0
35722,12,0,0,0,2,0
35723,75,0,0,0,9,0
35724,97,20,9,1,3,0
35725,1,0,0,0,5,0
35726,185,42,1,2,1,0
35727,284,12,2,0,1,0
35728,11,17,0,4,2,0
35729,74,42,3,0,1,0
35730,137,1,27,0,3,0
35731,101,1,15,0,5,0
35732,634,38,1,7,9,0
35733,65,0,9,0,1,0
35734,64,0,3,0,1,0
35735,844,13,6,5,7,0
35736,80,1,1,0,1,0
35737,85,31,0,12,5,0
35738,87,34,1,0,1,0
35739,0,0,2,0,0,0
35740,425,43,0,5,6,0
35741,0,0,3,0,0,0
35742,453,12,3,0,1,0
35743,31,0,37,0,4,0
35744,0,0,2,0,0,0
35745,104,0,43,0,6,0
35746,160,0,45,0,3,0
35747,7,0,2,0,33,0
35748,200,0,41,0,8,0
35749,1017,67,5,2,5,0
35750,923,44,3,2,4,0
35751,1196,14,14,5,5,0
35752,45,19,3,4,2,0
35753,542,10,2,0,4,0
35754,12,0,0,0,2,0
35755,935,49,3,2,4,0
35756,98,41,0,5,2,0
35757,10,16,0,1,1,0
35758,97,11,0,0,1,0
35759,4661,69,31,1,4,0
35760,396,52,1,6,5,0
35761,61,0,6,0,1,0
35762,12,0,0,0,2,0
35763,65,0,3,0,1,0
35764,652,118,7,21,1,0
35765,81,0,7,0,2,0
35766,96,25,0,3,4,0
35767,84,0,3,0,1,0
35768,930,44,3,2,4,0
35769,170,0,22,0,4,0
35770,86,0,31,0,3,0
35771,84,20,0,5,3,0
35772,65,0,2,0,1,0
35773,127,0,4,0,1,0
35774,105,0,26,0,2,0
35775,723,111,0,15,4,0
35776,75,1,4,0,1,0
35777,335,16,10,1,2,0
35778,509,2,2,0,1,0
35779,260,1,30,0,4,0
35780,176,0,27,0,3,0
35781,12,0,0,0,1,0
35782,962,19,2,3,4,0
35783,0,0,2,0,0,0
35784,400,48,1,5,5,0
35785,41,26,1,0,1,0
35786,90,21,0,6,2,0
35787,130,0,5,0,1,0
35788,127,0,8,0,1,0
35789,171,45,4,0,1,0
35790,678,34,3,2,4,0
35791,77,0,0,0,3,0
35792,923,44,3,2,4,0
35793,75,1,3,0,2,0
35794,258,22,8,3,4,0
35795,10,0,0,0,2,0
35796,10,0,0,0,1,0
35797,1,0,3,0,3,0
35798,3,0,5,1,3,0
35799,6,23,0,6,3,0
35800,152,16,2,2,1,0
35801,404,0,35,0,5,0
35802,179,73,16,1,4,0
35803,17,0,0,0,2,0
35804,62,0,8,0,2,0
35805,1203,198,1,23,11,0
35806,143,0,17,0,1,0
35807,0,0,8,0,0,0
35808,505,0,89,0,5,0
35809,97,2,0,0,4,0
35810,12,0,0,0,2,0
35811,442,15,1,2,5,0
35812,81,3,0,3,3,0
35813,860,33,18,0,7,0
35814,0,0,3,0,0,0
35815,19,1,0,3,3,0
35816,26,2,0,3,3,0
35817,407,21,23,11,13,0
35818,880,19,2,3,4,0
35819,39,0,8,0,2,0
35820,17,0,0,0,2,0
35821,81,3,0,3,3,0
35822,103,0,62,0,5,0
35823,26,1,0,0,36,0
35824,985,41,3,2,4,0
35825,65,0,2,0,1,0
35826,264,0,22,0,1,0
35827,86,7,7,0,2,0
35828,218,159,1,3,2,0
35829,5,0,31,0,2,0
35830,149,36,1,0,1,0
35831,27,19,3,4,2,0
35832,145,37,1,0,1,0
35833,169,6,4,4,1,0
35834,8,0,0,0,16,0
35835,6,0,0,0,2,0
35836,636,9,4,2,1,0
35837,56,0,2,0,2,0
35838,733,9,4,3,3,0
35839,81,3,0,3,3,0
35840,10,0,0,0,2,0
35841,58,9,0,0,32,0
35842,89,0,14,0,6,0
35843,637,39,4,0,6,0
35844,1539,60,9,0,7,0
35845,20,62,0,11,3,0
35846,6,0,21,0,2,0
35847,10,0,0,0,2,0
35848,12,0,0,0,2,0
35849,1534,22,5,8,9,0
35850,6,0,0,0,2,0
35851,12,0,0,0,2,0
35852,1,0,3,0,3,0
35853,89,0,14,0,6,0
35854,512,12,12,1,4,0
35855,65,0,3,0,1,0
35856,513,65,1,2,5,0
35857,2,2,0,3,3,0
35858,0,0,1,0,0,0
35859,96,0,6,0,1,0
35860,27,0,15,0,2,0
35861,107,0,22,0,2,0
35862,118,0,14,0,3,0
35863,25,0,0,0,2,0
35864,15,57,0,9,3,0
35865,0,0,1,0,0,0
35866,425,42,0,5,6,0
35867,286,37,0,3,2,0
35868,66,75,0,3,1,0
35869,2,0,6,0,1,0
35870,380,24,22,11,13,0
35871,923,44,3,2,4,0
35872,274,43,4,8,1,0
35873,218,153,2,3,2,0
35874,56,0,3,0,1,0
35875,39,0,8,0,2,0
35876,2,0,0,0,2,0
35877,139,1,13,0,3,0
35878,82,4,0,4,3,0
35879,127,0,8,0,1,0
35880,1008,64,11,3,3,0
35881,274,43,4,8,1,0
35882,81,3,0,3,3,0
35883,204,1,28,0,3,0
35884,17,0,0,0,2,0
35885,127,0,6,0,1,0
35886,15,0,6,0,2,0
35887,85,0,26,0,2,0
35888,394,19,0,7,7,0
35889,680,10,21,5,1,0
35890,97,0,11,0,1,0
35891,26,1,0,0,36,0
35892,417,24,5,3,1,0
35893,392,19,1,1,5,0
35894,351,0,33,0,5,0
35895,758,38,18,0,1,0
35896,456,20,1,1,3,0
35897,26,1,0,0,36,0
35898,160,38,9,8,4,0
35899,376,71,0,7,2,0
35900,65,0,3,0,1,0
35901,70,0,17,0,2,0
35902,4,0,0,0,2,0
35903,246,9,0,0,4,0
35904,12,0,22,0,2,0
35905,103,33,0,4,1,0
35906,12,0,0,0,2,0
35907,72,0,0,0,47,0
35908,161,10,0,1,1,0
35909,81,3,0,3,3,0
35910,283,4,3,0,1,0
35911,25,0,2,0,35,0
35912,164,0,0,0,3,0
35913,880,19,2,3,4,0
35914,81,0,14,0,2,0
35915,809,19,2,3,4,0
35916,92,0,42,0,8,0
35917,82,8,11,0,3,0
35918,3,0,0,0,2,0
35919,83,0,0,0,3,0
35920,89,0,42,0,6,0
35921,75,1,3,0,1,0
35922,6,0,15,0,2,0
35923,10,0,26,0,4,0
35924,0,0,1,0,0,0
35925,83,0,9,0,2,0
35926,3,0,5,1,3,0
35927,652,144,9,22,1,0
35928,44,0,29,0,4,0
35929,306,12,8,4,2,0
35930,316,0,105,0,1,0
35931,72,0,0,0,9,0
35932,810,48,6,0,2,0
35933,99,31,0,2,1,0
35934,0,0,3,0,0,0
35935,118,38,0,6,2,0
35936,61,0,6,0,1,0
35937,0,0,0,0,0,0
35938,335,8,0,1,2,0
35939,196,48,0,9,2,0
35940,281,6,5,1,2,0
35941,442,23,1,2,5,0
35942,283,4,3,0,1,0
35943,15,2,0,0,1,0
35944,7,0,2,0,35,0
35945,457,18,1,3,5,0
35946,25,13,7,5,1,0
35947,1295,60,27,8,5,0
35948,0,0,5,0,0,0
35949,282,6,5,1,2,0
35950,70,39,9,1,3,0
35951,204,1,28,0,3,0
35952,65,0,2,0,1,0
35953,56,0,3,0,1,0
35954,15,0,22,0,2,0
35955,830,18,5,1,2,0
35956,204,4,1,1,1,0
35957,194,58,0,7,4,0
35958,78,0,15,0,4,0
35959,96,44,0,8,4,0
35960,1261,198,1,27,7,0
35961,743,108,0,19,1,0
35962,6,0,0,0,2,0
35963,99,0,45,0,6,0
35964,19,1,0,3,3,0
35965,10,0,0,0,5,0
35966,15,0,22,0,2,0
35967,139,8,1,3,1,0
35968,963,8,6,4,3,0
35969,81,3,0,3,3,0
35970,133,15,2,0,1,0
35971,174,45,9,8,4,0
35972,84,0,19,0,2,0
35973,310,85,0,10,3,0
35974,434,39,0,9,2,0
35975,26,2,0,3,3,0
35976,81,3,0,3,3,0
35977,57,0,21,0,8,0
35978,4,0,8,0,2,0
35979,0,0,3,0,0,0
35980,332,24,0,5,3,0
35981,286,37,0,3,2,0
35982,330,24,0,5,3,0
35983,250,12,0,2,1,0
35984,65,0,2,0,1,0
35985,85,0,27,0,2,0
35986,26,1,0,0,36,0
35987,84,0,3,0,1,0
35988,84,20,0,5,3,0
35989,386,13,1,4,1,0
35990,208,14,0,5,5,0
35991,103,0,69,0,6,0
35992,300,17,3,5,4,0
35993,741,12,4,4,3,0
35994,204,1,30,0,3,0
35995,62,0,23,0,2,0
35996,12,0,0,0,2,0
35997,12,0,0,0,2,0
35998,406,0,34,0,5,0
35999,634,55,7,9,1,0
36000,197,11,0,0,1,0
36001,24,0,0,0,17,0
36002,158,61,0,13,5,0
36003,0,0,2,0,0,0
36004,19,1,0,3,3,0
36005,155,5,0,1,1,0
36006,1,0,3,0,3,0
36007,830,18,5,1,2,0
36008,27,0,11,0,2,0
36009,102,32,0,12,5,0
36010,432,13,0,5,7,0
36011,283,4,3,0,1,0
36012,728,44,1,6,9,0
36013,81,0,0,0,8,0
36014,972,72,5,2,5,0
36015,27,1,0,0,1,0
36016,1432,156,38,14,9,0
36017,10,0,0,0,12,0
36018,289,23,0,3,1,0
36019,10,0,14,0,2,0
36020,95,0,31,0,9,0
36021,517,9,9,1,4,0
36022,68,0,18,0,1,0
36023,10,0,0,0,2,0
36024,78,0,15,0,4,0
36025,730,44,5,0,5,0
36026,15,0,25,0,4,0
36027,0,0,2,0,0,0
36028,714,109,33,20,12,0
36029,56,0,3,0,1,0
36030,77,32,0,10,3,0
36031,295,47,7,5,2,0
36032,180,0,0,0,10,0
36033,12,0,0,0,2,0
36034,74,2,40,0,7,0
36035,1,0,3,0,3,0
36036,164,0,0,0,3,0
36037,3,0,6,0,2,0
36038,764,11,5,2,1,0
36039,2,0,0,0,3,0
36040,119,62,0,9,2,0
36041,2,0,0,0,2,0
36042,39,0,8,0,2,0
36043,762,30,7,0,5,0
36044,56,0,14,0,3,0
36045,75,1,4,0,1,0
36046,93,39,0,31,5,0
36047,0,0,3,0,0,0
36048,64,0,0,0,2,0
36049,83,20,0,4,2,0
36050,27,0,10,0,2,0
36051,322,11,2,0,1,0
36052,808,45,7,12,3,0
36053,0,0,2,0,0,0
36054,589,144,9,22,1,0
36055,2,0,0,0,7,0
36056,444,10,3,5,6,0
36057,95,0,29,0,3,0
36058,180,31,0,2,1,0
36059,268,10,0,0,5,0
36060,201,1,19,0,3,0
36061,570,20,1,1,3,0
36062,1256,218,1,21,7,0
36063,1180,49,13,13,9,0
36064,0,0,0,0,0,0
36065,75,1,4,0,1,0
36066,0,0,0,0,0,0
36067,30,39,0,11,6,0
36068,711,55,3,0,5,0
36069,24,0,0,0,11,0
36070,195,30,0,6,2,0
36071,364,6,0,0,1,0
36072,81,0,32,0,3,0
36073,0,0,0,0,0,0
36074,10,0,0,0,12,0
36075,64,0,0,0,13,0
36076,4,0,8,0,2,0
36077,281,6,5,1,2,0
36078,8,0,0,0,2,0
36079,425,43,0,5,6,0
36080,27,36,0,3,3,0
36081,27,36,0,3,3,0
36082,0,0,0,0,0,0
36083,181,0,75,0,14,0
36084,114,30,0,6,2,0
36085,0,0,3,0,0,0
36086,12,0,53,0,6,0
36087,19,0,0,0,4,0
36088,127,0,4,0,1,0
36089,1711,23,17,0,5,0
36090,930,44,3,2,4,0
36091,0,0,2,0,0,0
36092,402,26,0,8,9,0
36093,703,49,5,0,5,0
36094,386,19,1,1,3,0
36095,332,24,0,5,3,0
36096,84,0,12,0,2,0
36097,95,0,28,0,2,0
36098,550,20,1,2,6,0
36099,281,6,5,1,2,0
36100,64,0,3,0,1,0
36101,270,105,0,6,1,0
36102,402,12,1,4,1,0
36103,153,0,17,0,2,0
36104,56,0,3,0,1,0
36105,168,0,28,0,4,0
36106,26,0,0,0,4,0
36107,16,0,45,0,6,0
36108,72,3,4,3,1,0
36109,30,51,0,10,2,0
36110,105,0,26,0,2,0
36111,146,1,27,0,3,0
36112,259,12,4,0,2,0
36113,170,0,12,0,2,0
36114,90,0,25,0,5,0
36115,464,27,1,5,5,0
36116,13,0,28,0,2,0
36117,0,0,4,0,0,0
36118,17,0,0,0,2,0
36119,0,0,0,0,0,0
36120,285,51,0,6,1,0
36121,1719,23,14,1,6,0
36122,13,0,0,0,4,0
36123,93,38,0,32,5,0
36124,12,0,0,0,2,0
36125,3,0,5,1,3,0
36126,142,1,25,0,3,0
36127,11,0,8,0,2,0
36128,231,8,9,0,1,0
36129,7,0,2,0,33,0
36130,923,56,5,2,5,0
36131,386,19,1,1,3,0
36132,65,0,2,0,1,0
36133,0,0,3,0,0,0
36134,432,10,4,4,1,0
36135,89,0,34,0,6,0
36136,2,4,0,3,3,0
36137,74,0,32,0,7,0
36138,142,1,27,0,3,0
36139,115,0,0,0,17,0
36140,930,44,3,2,4,0
36141,56,0,3,0,1,0
36142,283,4,3,0,1,0
36143,180,0,0,0,10,0
36144,111,27,0,6,3,0
36145,142,1,29,0,3,0
36146,8,0,0,0,1,0
36147,10,0,0,0,2,0
36148,12,0,6,0,2,0
36149,98,37,0,9,2,0
36150,8,0,33,0,5,0
36151,283,4,3,0,1,0
36152,19,1,0,3,3,0
36153,5,0,2,0,1,0
36154,289,23,0,3,1,0
36155,81,0,6,0,2,0
36156,0,0,0,0,0,0
36157,0,0,0,0,0,0
36158,3,0,5,1,3,0
36159,248,12,2,0,1,0
36160,417,10,4,4,1,0
36161,0,0,6,0,0,0
36162,17,34,0,3,3,0
36163,68,0,18,0,1,0
36164,0,0,1,0,0,0
36165,258,8,0,0,5,0
36166,10,0,0,0,5,0
36167,19,1,0,3,3,0
36168,152,0,0,0,1,0
36169,411,32,9,4,1,0
36170,153,9,0,2,1,0
36171,205,0,11,0,4,0
36172,210,102,0,11,5,0
36173,93,32,0,19,3,0
36174,80,0,0,0,6,0
36175,309,6,5,3,3,0
36176,0,0,3,0,0,0
36177,134,0,3,0,1,0
36178,74,0,0,0,11,0
36179,179,0,22,0,8,0
36180,64,0,3,0,1,0
36181,1016,47,3,2,4,0
36182,1,0,10,0,2,0
36183,153,0,9,0,2,0
36184,190,12,0,1,7,0
36185,160,38,9,8,4,0
36186,13,0,0,0,4,0
36187,65,0,3,0,1,0
36188,13,0,6,0,2,0
36189,69,0,6,0,2,0
36190,6,2,0,0,2,0
36191,274,43,4,8,1,0
36192,29,0,37,0,2,0
36193,180,0,0,0,10,0
36194,434,55,0,10,2,0
36195,100,4,0,3,3,0
36196,17,0,0,0,2,0
36197,321,22,1,1,4,0
36198,93,39,0,31,5,0
36199,23,49,0,7,2,0
36200,4,0,0,0,2,0
36201,0,0,1,0,0,0
36202,15,2,0,0,1,0
36203,118,0,13,0,3,0
36204,0,0,0,0,0,0
36205,10,0,0,0,4,0
36206,300,6,5,3,3,0
36207,17,0,0,0,2,0
36208,282,6,5,1,2,0
36209,238,2,0,0,4,0
36210,10,0,0,0,2,0
36211,6,51,4,30,4,0
36212,0,0,0,0,0,0
36213,300,50,0,16,5,0
36214,13,0,6,0,2,0
36215,10,0,0,0,2,0
36216,288,29,0,2,1,0
36217,82,0,19,0,2,0
36218,96,0,49,0,8,0
36219,1,0,3,0,3,0
36220,0,0,0,0,0,0
36221,206,11,3,1,2,0
36222,155,0,22,0,4,0
36223,1771,27,13,0,5,0
36224,9,0,5,0,3,0
36225,256,12,4,0,2,0
36226,6,0,0,0,2,0
36227,89,3,0,1,4,0
36228,347,16,12,0,1,0
36229,203,70,0,24,9,0
36230,10,0,0,0,2,0
36231,84,20,0,5,3,0
36232,726,15,0,0,4,0
36233,0,0,3,0,0,0
36234,714,55,3,0,5,0
36235,131,0,18,0,2,0
36236,81,0,0,0,1,0
36237,5,0,2,0,1,0
36238,754,9,8,2,1,0
36239,32,0,8,0,2,0
36240,1013,108,14,5,6,0
36241,417,10,4,4,1,0
36242,1123,19,11,0,4,0
36243,2,0,0,0,7,0
36244,329,14,6,0,6,0
36245,145,0,30,0,3,0
36246,12,0,0,0,2,0
36247,244,48,0,15,5,0
36248,923,44,3,2,4,0
36249,0,0,0,0,0,0
36250,27,36,0,3,3,0
36251,679,54,5,2,5,0
36252,0,0,0,0,0,0
36253,855,56,5,2,5,0
36254,14,0,11,0,2,0
36255,171,45,4,0,1,0
36256,81,3,0,3,3,0
36257,2,0,0,0,2,0
36258,634,55,7,9,1,0
36259,19,1,0,3,3,0
36260,177,5,0,0,5,0
36261,263,19,8,1,4,0
36262,0,0,1,0,0,0
36263,25,51,0,7,2,0
36264,2,4,0,3,3,0
36265,1261,213,1,28,11,0
36266,180,0,0,0,10,0
36267,71,0,0,0,3,0
36268,89,2,0,0,3,0
36269,10,0,0,0,5,0
36270,304,0,10,0,1,0
36271,10,0,0,0,9,0
36272,326,49,10,6,2,0
36273,84,20,0,5,3,0
36274,73,0,8,0,2,0
36275,211,11,3,1,2,0
36276,12,0,0,0,2,0
36277,27,0,10,0,2,0
36278,248,5,0,0,4,0
36279,2,0,0,0,3,0
36280,12,0,8,0,2,0
36281,0,0,0,0,0,0
36282,470,70,1,7,5,0
36283,855,64,5,2,5,0
36284,290,10,2,0,1,0
36285,15,38,0,8,2,0
36286,12,0,0,0,2,0
36287,373,1,0,0,1,0
36288,6,0,0,0,2,0
36289,11,30,0,6,2,0
36290,17,0,0,0,2,0
36291,667,104,0,13,4,0
36292,79,23,0,5,4,0
36293,142,1,29,0,3,0
36294,369,0,57,0,5,0
36295,12,0,0,0,2,0
36296,1,0,3,0,3,0
36297,56,0,3,0,1,0
36298,10,0,0,0,2,0
36299,382,88,0,8,3,0
36300,39,0,33,0,6,0
36301,12,0,0,0,2,0
36302,0,0,8,0,0,0
36303,131,2,38,0,1,0
36304,0,0,2,0,0,0
36305,127,0,4,0,1,0
36306,240,78,0,13,5,0
36307,2,0,6,0,1,0
36308,2185,31,10,6,4,0
36309,1236,15,6,1,4,0
36310,89,0,0,0,13,0
36311,83,0,0,0,1,0
36312,112,73,0,10,3,0
36313,12,0,50,0,6,0
36314,153,0,28,0,4,0
36315,23,0,13,0,2,0
36316,0,0,3,0,0,0
36317,309,138,16,6,4,0
36318,83,0,0,0,2,0
36319,1129,144,1,18,10,0
36320,0,0,1,0,0,0
36321,118,0,13,0,3,0
36322,0,0,8,0,0,0
36323,69,0,6,0,2,0
36324,95,32,0,11,9,0
36325,295,23,0,7,3,0
36326,404,0,35,0,5,0
36327,215,7,0,1,2,0
36328,0,0,3,0,0,0
36329,833,40,2,3,4,0
36330,762,30,7,0,5,0
36331,295,23,0,7,3,0
36332,169,25,2,0,1,0
36333,0,0,5,0,0,0
36334,4,0,6,0,2,0
36335,927,44,3,2,4,0
36336,283,37,0,10,10,0
36337,138,45,18,1,3,0
36338,56,0,3,0,1,0
36339,258,8,0,0,5,0
36340,1166,42,2,3,5,0
36341,166,15,0,6,7,0
36342,153,0,17,0,2,0
36343,56,0,3,0,1,0
36344,15,0,22,0,2,0
36345,65,0,2,0,1,0
36346,469,15,1,9,6,0
36347,109,28,0,6,4,0
36348,2324,95,4,3,5,0
36349,6,0,0,0,2,0
36350,97,27,9,1,3,0
36351,22,0,46,0,4,0
36352,177,5,0,0,5,0
36353,5,0,2,0,1,0
36354,1,0,3,0,3,0
36355,12,0,0,0,2,0
36356,0,0,1,0,0,0
36357,142,1,27,0,3,0
36358,14,0,13,0,2,0
36359,118,40,6,3,11,0
36360,285,37,0,10,10,0
36361,148,51,0,5,3,0
36362,81,3,0,3,3,0
36363,58,37,0,3,2,0
36364,17,0,0,0,2,0
36365,183,0,42,0,11,0
36366,20,0,0,0,2,0
36367,1095,14,6,1,4,0
36368,20,0,64,0,22,0
36369,27,0,11,0,2,0
36370,58,0,2,0,1,0
36371,76,0,0,0,13,0
36372,557,10,4,0,1,0
36373,13,0,0,0,2,0
36374,729,68,4,5,5,0
36375,14,0,25,0,2,0
36376,201,1,14,0,3,0
36377,206,20,35,1,1,0
36378,17,0,0,0,2,0
36379,1,0,3,0,3,0
36380,139,1,18,0,3,0
36381,74,0,0,0,9,0
36382,0,0,2,0,0,0
36383,256,12,4,0,2,0
36384,388,13,1,1,5,0
36385,0,0,3,0,0,0
36386,138,2,0,0,1,0
36387,11,0,0,0,25,0
36388,1,0,3,0,3,0
36389,62,0,9,0,2,0
36390,142,1,24,0,4,0
36391,17,0,0,0,2,0
36392,627,72,10,0,8,0
36393,895,19,2,3,4,0
36394,206,11,3,1,2,0
36395,4,0,15,0,2,0
36396,394,19,0,7,7,0
36397,500,14,4,0,1,0
36398,81,0,0,0,5,0
36399,425,43,0,5,6,0
36400,2,0,0,0,1,0
36401,263,8,3,0,2,0
36402,58,9,0,0,32,0
36403,0,0,2,0,0,0
36404,132,23,0,4,4,0
36405,618,57,1,7,9,0
36406,4,0,6,0,2,0
36407,19,1,0,3,3,0
36408,248,12,2,0,1,0
36409,81,3,0,3,3,0
36410,145,2,0,0,4,0
36411,12,0,0,0,4,0
36412,98,0,6,0,2,0
36413,42,45,0,21,5,0
36414,118,0,5,0,1,0
36415,98,31,14,9,1,0
36416,126,24,1,2,1,0
36417,160,38,9,8,4,0
36418,165,2,45,0,2,0
36419,89,0,20,0,2,0
36420,22,28,0,4,3,0
36421,676,8,0,1,2,0
36422,56,0,3,0,1,0
36423,19,1,0,3,3,0
36424,12,0,6,0,2,0
36425,72,9,2,1,1,0
36426,82,4,0,4,3,0
36427,925,56,5,2,5,0
36428,27,0,0,0,46,0
36429,902,14,6,5,7,0
36430,6,0,0,0,2,0
36431,70,0,13,0,2,0
36432,105,0,0,0,22,0
36433,738,9,4,2,1,0
36434,303,0,24,0,5,0
36435,102,0,38,0,2,0
36436,369,0,57,0,5,0
36437,0,0,0,0,0,0
36438,4,0,8,0,2,0
36439,15,2,0,0,1,0
36440,211,11,3,1,2,0
36441,4,0,6,0,2,0
36442,126,16,0,5,3,0
36443,99,57,0,33,5,0
36444,258,12,4,0,2,0
36445,255,0,2,0,37,0
36446,45,0,15,0,2,0
36447,74,0,32,0,7,0
36448,452,24,1,2,5,0
36449,0,0,3,0,0,0
36450,861,61,7,0,5,0
36451,12,0,0,0,2,0
36452,1561,99,167,10,8,0
36453,64,0,3,0,1,0
36454,283,0,22,0,4,0
36455,65,0,2,0,1,0
36456,142,0,9,0,3,0
36457,15,2,0,0,1,0
36458,654,69,18,0,5,0
36459,508,72,5,4,2,0
36460,245,11,2,0,1,0
36461,0,0,3,0,0,0
36462,142,1,27,0,3,0
36463,0,0,1,0,0,0
36464,26,0,11,0,1,0
36465,0,0,8,0,0,0
36466,102,0,12,0,5,0
36467,300,6,5,3,3,0
36468,2,0,0,0,7,0
36469,105,0,36,0,4,0
36470,289,31,0,6,4,0
36471,171,45,4,0,1,0
36472,21,2,0,0,2,0
36473,764,11,5,2,1,0
36474,356,68,5,0,2,0
36475,169,6,4,4,1,0
36476,1,0,0,0,5,0
36477,75,1,3,0,2,0
36478,132,0,24,0,3,0
36479,16,0,12,0,2,0
36480,37,17,0,3,1,0
36481,714,37,3,0,5,0
36482,0,0,0,0,0,0
36483,41,19,0,3,1,0
36484,81,3,0,3,3,0
36485,288,29,0,2,1,0
36486,104,0,43,0,5,0
36487,1,0,3,0,3,0
36488,12,0,0,0,2,0
36489,26,1,0,0,36,0
36490,65,0,2,0,1,0
36491,98,0,6,0,2,0
36492,234,3,0,3,3,0
36493,100,25,0,4,2,0
36494,98,0,6,0,2,0
36495,11,0,6,0,2,0
36496,0,0,10,0,0,0
36497,1056,10,14,5,5,0
36498,75,1,3,0,1,0
36499,95,24,0,2,4,0
36500,734,48,4,3,5,0
36501,12,0,7,0,2,0
36502,160,38,9,8,4,0
36503,836,16,3,0,4,0
36504,634,42,1,7,9,0
36505,10,0,0,0,5,0
36506,8,0,6,0,2,0
36507,26,1,0,0,36,0
36508,283,4,3,0,1,0
36509,332,24,0,5,3,0
36510,819,47,5,2,5,0
36511,647,14,3,0,1,0
36512,386,12,1,4,1,0
36513,4,0,6,0,2,0
36514,78,0,32,0,10,0
36515,0,0,2,0,0,0
36516,344,7,0,1,2,0
36517,897,41,3,2,4,0
36518,27,0,16,0,1,0
36519,19,1,0,3,3,0
36520,4,0,8,0,2,0
36521,0,0,0,0,0,0
36522,2,0,0,0,2,0
36523,114,38,0,6,2,0
36524,135,6,0,1,2,0
36525,2,4,0,3,3,0
36526,925,48,3,2,4,0
36527,738,9,4,2,1,0
36528,880,19,2,3,4,0
36529,0,0,2,0,0,0
36530,244,48,0,15,5,0
36531,15,0,0,0,39,0
36532,936,69,5,2,5,0
36533,126,16,0,5,3,0
36534,944,43,4,2,4,0
36535,667,104,0,13,4,0
36536,160,38,9,8,4,0
36537,75,1,4,0,1,0
36538,746,44,5,0,5,0
36539,208,14,0,5,5,0
36540,204,1,28,0,3,0
36541,726,105,31,21,4,0
36542,68,0,3,0,1,0
36543,203,10,2,0,1,0
36544,128,49,0,8,3,0
36545,16,0,0,0,14,0
36546,81,3,0,3,3,0
36547,0,0,0,0,0,0
36548,636,9,4,2,1,0
36549,469,15,1,9,6,0
36550,17,34,0,3,3,0
36551,25,0,2,0,35,0
36552,78,0,46,0,3,0
36553,655,10,7,0,1,0
36554,274,43,4,8,1,0
36555,0,0,1,0,0,0
36556,190,50,0,4,3,0
36557,0,0,3,0,0,0
36558,239,33,0,5,2,0
36559,15,0,0,0,2,0
36560,15,0,22,0,2,0
36561,442,23,1,2,5,0
36562,118,0,14,0,3,0
36563,1428,61,13,0,1,0
36564,514,104,17,7,4,0
36565,386,12,1,1,5,0
36566,0,0,0,0,0,0
36567,19,1,0,3,3,0
36568,29,30,0,10,5,0
36569,2,0,6,0,1,0
36570,337,16,10,1,2,0
36571,0,0,3,0,0,0
36572,0,0,1,0,0,0
36573,27,36,0,3,3,0
36574,103,4,0,0,5,0
36575,24,0,8,0,2,0
36576,390,48,0,24,1,0
36577,17,0,0,0,14,0
36578,481,1,10,2,1,0
36579,302,18,0,1,3,0
36580,0,0,5,0,0,0
36581,212,13,1,0,1,0
36582,421,47,2,0,1,0
36583,411,2,13,1,1,0
36584,209,0,8,0,3,0
36585,431,6,0,0,1,0
36586,1732,43,2,1,3,0
36587,16,1,0,0,14,0
36588,99,0,77,0,4,0
36589,1171,35,13,4,3,0
36590,2,0,0,0,6,0
36591,1240,31,14,4,3,0
36592,188,4,1,2,2,0
36593,2,0,4,0,2,0
36594,126,4,0,1,2,0
36595,45,3,0,0,1,0
36596,153,1,3,2,1,0
36597,534,18,4,0,1,0
36598,91,4,4,2,7,0
36599,2,0,7,0,1,0
36600,4,0,10,0,2,0
36601,169,2,8,2,2,0
36602,230,3,8,2,1,0
36603,211,5,1,3,3,0
36604,56,0,3,0,4,0
36605,130,39,0,11,1,0
36606,81,0,23,0,8,0
36607,5,0,0,0,2,0
36608,10,0,3,0,3,0
36609,119,12,2,2,1,0
36610,63,0,5,0,4,0
36611,0,0,2,0,0,0
36612,2,0,0,0,2,0
36613,152,12,0,4,2,0
36614,64,0,15,0,4,0
36615,60,0,3,0,3,0
36616,240,2,6,5,1,0
36617,3,0,0,0,18,0
36618,2,0,0,0,2,0
36619,123,4,1,3,3,0
36620,147,7,0,1,2,0
36621,227,0,39,0,4,0
36622,14,0,7,0,2,0
36623,9,0,0,0,3,0
36624,230,3,8,2,1,0
36625,0,0,0,0,0,0
36626,5,0,0,0,2,0
36627,58,7,3,0,2,0
36628,4,0,0,0,4,0
36629,13,14,0,1,1,0
36630,61,4,0,1,2,0
36631,7,0,0,0,4,0
36632,676,13,9,2,1,0
36633,46,8,0,5,2,0
36634,3,13,0,3,1,0
36635,105,8,0,0,10,0
36636,171,13,2,2,1,0
36637,186,4,3,4,3,0
36638,16,0,11,0,2,0
36639,45,11,0,2,3,0
36640,49,5,0,1,2,0
36641,63,3,4,2,7,0
36642,6,13,0,5,2,0
36643,188,2,6,2,1,0
36644,4,0,24,0,1,0
36645,5,0,0,0,2,0
36646,7,0,0,0,3,0
36647,8,2,0,0,3,0
36648,398,26,8,4,1,0
36649,71,0,10,0,2,0
36650,61,4,0,0,5,0
36651,49,5,0,1,2,0
36652,5,0,0,0,1,0
36653,95,27,0,3,3,0
36654,49,5,0,1,2,0
36655,49,5,0,1,2,0
36656,45,3,0,0,1,0
36657,637,32,10,5,5,0
36658,45,5,0,1,2,0
36659,130,4,42,0,3,0
36660,51,0,5,0,1,0
36661,7,0,0,0,4,0
36662,9,0,3,0,2,0
36663,10,0,3,0,3,0
36664,6,0,0,0,2,0
36665,318,40,8,2,2,0
36666,217,14,6,2,1,0
36667,5,0,0,0,1,0
36668,123,25,0,5,1,0
36669,8,0,14,0,2,0
36670,15,0,21,0,3,0
36671,236,5,8,2,1,0
36672,7,0,0,0,4,0
36673,6,0,14,0,4,0
36674,0,0,7,0,0,0
36675,116,5,0,1,2,0
36676,56,0,10,0,3,0
36677,176,10,5,2,9,0
36678,79,0,28,0,6,0
36679,177,4,1,3,3,0
36680,173,10,5,2,9,0
36681,3,0,0,2,1,0
36682,502,14,12,4,1,0
36683,10,0,4,0,3,0
36684,61,4,0,1,2,0
36685,42,2,0,1,2,0
36686,7,0,0,0,3,0
36687,187,2,6,2,1,0
36688,606,13,3,4,1,0
36689,155,20,1,3,3,0
36690,42,2,0,1,2,0
36691,469,7,8,4,2,0
36692,170,12,2,2,1,0
36693,131,10,0,0,1,0
36694,10,0,0,0,2,0
36695,0,0,0,0,0,0
36696,197,10,5,2,9,0
36697,9,0,8,0,3,0
36698,4,0,12,0,4,0
36699,153,1,3,2,1,0
36700,5,0,0,0,2,0
36701,80,16,0,4,1,0
36702,7,0,0,0,3,0
36703,63,0,6,0,4,0
36704,0,0,3,0,0,0
36705,70,0,7,0,3,0
36706,162,20,0,5,2,0
36707,169,2,8,2,2,0
36708,170,12,2,2,1,0
36709,0,0,3,0,0,0
36710,153,1,3,2,1,0
36711,0,0,3,0,0,0
36712,89,12,2,5,2,0
36713,5,0,2,0,1,0
36714,9,0,8,0,3,0
36715,95,21,0,4,3,0
36716,5,0,2,0,1,0
36717,154,37,0,12,5,0
36718,10,0,4,0,3,0
36719,7,0,0,0,4,0
36720,107,5,0,0,23,0
36721,12,13,0,2,3,0
36722,2,0,6,0,3,0
36723,223,3,0,0,1,0
36724,64,15,2,4,3,0
36725,49,5,0,1,2,0
36726,8,2,0,0,3,0
36727,165,17,0,5,2,0
36728,859,16,9,2,1,0
36729,5,0,0,0,2,0
36730,0,0,3,0,0,0
36731,415,3,7,4,4,0
36732,0,0,2,0,0,0
36733,67,9,0,0,9,0
36734,61,5,4,2,7,0
36735,56,0,4,0,1,0
36736,165,19,0,5,2,0
36737,471,30,18,1,4,0
36738,26,22,0,5,2,0
36739,168,2,7,2,2,0
36740,7,19,0,8,3,0
36741,9,0,8,0,3,0
36742,93,6,4,2,7,0
36743,9,0,3,0,2,0
36744,497,16,3,0,4,0
36745,2,0,19,0,1,0
36746,0,0,2,0,0,0
36747,6,0,0,0,14,0
36748,9,0,8,0,3,0
36749,6,2,0,0,2,0
36750,60,0,11,0,3,0
36751,23,29,0,5,2,0
36752,9,0,8,0,3,0
36753,90,0,41,0,4,0
36754,126,5,0,1,2,0
36755,10,18,0,5,2,0
36756,7,0,0,0,6,0
36757,189,24,2,5,4,0
36758,0,0,0,0,0,0
36759,50,0,5,0,1,0
36760,71,5,0,0,1,0
36761,3,0,0,0,1,0
36762,10,0,0,0,2,0
36763,17,0,15,0,1,0
36764,0,0,8,0,0,0
36765,779,22,11,4,2,0
36766,738,60,28,3,5,0
36767,2,0,0,0,1,0
36768,80,1,0,0,2,0
36769,84,3,0,0,11,0
36770,9,0,0,0,10,0
36771,17,0,2,0,1,0
36772,194,9,4,1,3,0
36773,50,2,0,0,11,0
36774,652,82,5,7,1,0
36775,50,2,0,0,11,0
36776,113,3,0,0,5,0
36777,263,1,45,1,5,0
36778,1,0,2,0,1,0
36779,4,0,0,0,15,0
36780,0,0,3,0,0,0
36781,50,2,0,0,11,0
36782,12,0,0,0,1,0
36783,351,11,4,8,14,0
36784,57,2,0,0,5,0
36785,315,7,0,3,4,0
36786,298,6,0,0,1,0
36787,45,11,0,1,2,0
36788,492,2,95,1,1,0
36789,132,0,2,0,2,0
36790,288,11,4,8,14,0
36791,274,1,38,0,1,0
36792,3487,55,8,2,2,0
36793,189,8,0,3,1,0
36794,39,22,0,5,1,0
36795,498,21,1,3,6,0
36796,7,0,0,0,2,0
36797,3,0,0,0,6,0
36798,0,0,1,0,0,0
36799,10,0,0,0,2,0
36800,260,5,0,41,22,0
36801,5,0,0,0,9,0
36802,50,2,0,0,11,0
36803,105,10,1,8,14,0
36804,1031,41,20,10,1,0
36805,12,0,0,0,1,0
36806,12,0,2,0,1,0
36807,3,0,0,0,1,0
36808,341,11,4,8,14,0
36809,191,10,1,8,14,0
36810,50,2,0,0,11,0
36811,9,0,0,0,10,0
36812,0,0,1,0,0,0
36813,0,0,7,0,0,0
36814,146,11,1,8,14,0
36815,4,0,0,0,2,0
36816,298,6,0,0,1,0
36817,13,0,0,0,1,0
36818,50,2,0,0,11,0
36819,12,1,0,0,3,0
36820,41,2,0,0,1,0
36821,5,0,2,0,1,0
36822,66,1,28,0,2,0
36823,7,0,0,0,2,0
36824,710,44,17,1,1,0
36825,156,27,0,1,1,0
36826,86,1,0,0,1,0
36827,0,0,3,0,0,0
36828,60,3,0,0,4,0
36829,0,0,3,0,0,0
36830,93,1,0,0,17,0
36831,18,0,0,0,4,0
36832,2,0,0,0,22,0
36833,9,0,0,0,10,0
36834,266,8,1,2,6,0
36835,13,0,0,0,2,0
36836,9,0,0,0,10,0
36837,782,22,11,4,2,0
36838,2,0,0,0,1,0
36839,17,0,24,0,5,0
36840,259,0,13,0,6,0
36841,515,61,10,0,4,0
36842,84,0,24,0,2,0
36843,41,2,0,0,1,0
36844,1200,63,97,7,6,0
36845,24,0,4,0,1,0
36846,80,0,7,0,2,0
36847,3,0,1,0,1,0
36848,74,0,23,0,1,0
36849,316,16,1,4,7,0
36850,459,8,5,1,3,0
36851,124,0,10,0,2,0
36852,3,0,1,0,1,0
36853,51,0,30,0,1,0
36854,4,0,0,0,1,0
36855,8,0,0,0,2,0
36856,146,11,1,8,14,0
36857,73,0,2,0,1,0
36858,9,1,0,0,5,0
36859,277,0,49,0,3,0
36860,175,26,0,2,1,0
36861,288,11,4,8,14,0
36862,170,1,0,2,1,0
36863,113,3,0,0,1,0
36864,228,0,17,0,3,0
36865,269,52,3,5,3,0
36866,158,8,2,2,2,0
36867,105,10,1,8,14,0
36868,132,0,2,0,2,0
36869,154,1,18,0,2,0
36870,6,0,3,0,1,0
36871,599,33,15,0,1,0
36872,0,0,3,0,0,0
36873,21,0,10,0,2,0
36874,143,5,0,1,22,0
36875,50,2,0,0,11,0
36876,5,0,7,0,2,0
36877,58,0,17,0,1,0
36878,80,0,4,0,2,0
36879,21,0,10,0,2,0
36880,7,0,0,0,2,0
36881,53,0,30,0,11,0
36882,59,2,0,1,20,0
36883,65,0,20,0,7,0
36884,108,3,0,0,2,0
36885,128,0,11,0,2,0
36886,55,0,12,0,1,0
36887,194,9,4,1,3,0
36888,298,6,0,0,1,0
36889,80,1,0,0,2,0
36890,9,0,0,0,10,0
36891,298,6,0,0,1,0
36892,4,0,0,0,1,0
36893,45,0,11,0,3,0
36894,50,2,0,0,11,0
36895,2,0,0,0,1,0
36896,0,0,8,0,0,0
36897,586,24,9,0,1,0
36898,1,0,6,0,1,0
36899,20,0,20,0,5,0
36900,99,0,27,0,8,0
36901,73,0,2,0,1,0
36902,13,0,0,0,14,0
36903,13,0,0,0,14,0
36904,282,25,2,5,3,0
36905,96,0,31,0,11,0
36906,537,71,16,12,4,0
36907,9,1,0,0,2,0
36908,62,0,18,0,1,0
36909,274,1,39,0,1,0
36910,9,0,0,0,10,0
36911,73,0,2,0,1,0
36912,74,0,5,0,1,0
36913,702,42,17,1,1,0
36914,163,13,7,0,1,0
36915,418,8,5,0,1,0
36916,16,0,6,0,1,0
36917,9,0,0,0,10,0
36918,18,0,0,0,4,0
36919,0,0,0,0,0,0
36920,0,0,8,0,0,0
36921,11,0,8,0,1,0
36922,1,0,6,0,1,0
36923,56,2,0,0,1,0
36924,7,0,0,0,4,0
36925,56,2,0,0,1,0
36926,0,0,3,0,0,0
36927,50,2,0,0,11,0
36928,106,2,33,0,12,0
36929,195,1,7,0,1,0
36930,274,1,38,0,1,0
36931,38,1,0,0,2,0
36932,69,5,0,0,1,0
36933,15,1,0,0,2,0
36934,63,0,12,0,1,0
36935,131,8,0,3,1,0
36936,282,12,2,9,1,0
36937,274,1,38,0,1,0
36938,636,16,4,0,1,0
36939,269,52,3,5,3,0
36940,494,116,1,4,1,0
36941,10,0,0,0,1,0
36942,12,0,17,0,5,0
36943,474,30,1,3,6,0
36944,15,1,0,0,2,0
36945,128,0,11,0,2,0
36946,4,0,13,0,1,0
36947,59,2,5,0,3,0
36948,73,25,0,3,1,0
36949,485,8,5,1,1,0
36950,213,0,68,1,12,0
36951,101,0,11,0,1,0
36952,113,3,0,0,5,0
36953,2,0,0,0,1,0
36954,350,11,4,8,14,0
36955,586,24,9,0,1,0
36956,73,0,2,0,1,0
36957,56,2,0,0,1,0
36958,0,0,8,0,0,0
36959,309,18,1,2,6,0
36960,226,12,2,2,3,0
36961,0,0,5,0,0,0
36962,3,0,21,0,5,0
36963,10,0,0,0,2,0
36964,66,0,3,0,1,0
36965,298,6,0,0,1,0
36966,228,0,17,0,3,0
36967,11,0,8,0,2,0
36968,9,0,0,0,10,0
36969,93,0,14,0,1,0
36970,87,3,0,0,4,0
36971,1015,27,6,0,1,0
36972,66,0,23,0,5,0
36973,241,13,2,8,14,0
36974,108,0,4,0,1,0
36975,1249,27,0,1,1,0
36976,113,8,1,1,2,0
36977,8,0,0,0,1,0
36978,228,0,17,0,3,0
36979,147,0,26,0,4,0
36980,10,0,0,0,2,0
36981,13,0,0,0,14,0
36982,67,3,0,0,5,0
36983,270,1,37,0,1,0
36984,193,26,1,8,3,0
36985,494,116,1,4,1,0
36986,528,4,0,1,1,0
36987,119,0,11,0,6,0
36988,113,3,0,0,1,0
36989,9,0,0,0,10,0
36990,88,0,12,0,7,0
36991,351,14,1,8,14,0
36992,56,2,0,0,1,0
36993,75,2,12,0,2,0
36994,9,0,13,0,1,0
36995,191,1,15,0,1,0
36996,0,0,15,0,0,0
36997,51,0,32,0,12,0
36998,43,0,2,0,1,0
36999,50,2,0,0,11,0
37000,695,12,10,4,2,0
37001,177,13,0,0,1,0
37002,68,5,0,0,1,0
37003,0,0,3,0,0,0
37004,227,11,4,8,14,0
37005,90,2,0,0,7,0
37006,142,10,0,2,1,0
37007,129,0,10,0,2,0
37008,467,0,60,1,5,0
37009,130,0,22,0,5,0
37010,50,2,0,0,11,0
37011,15,1,0,0,2,0
37012,163,7,0,0,1,0
37013,80,18,0,6,1,0
37014,137,2,0,0,16,0
37015,21,0,0,0,14,0
37016,316,52,1,2,2,0
37017,393,8,6,0,1,0
37018,0,0,3,0,0,0
37019,0,0,0,0,0,0
37020,102,0,25,0,5,0
37021,393,8,6,0,1,0
37022,239,32,0,4,2,0
37023,1,0,0,0,20,0
37024,2,0,3,0,35,0
37025,0,0,3,0,0,0
37026,5,0,0,0,22,0
37027,5,0,0,0,13,0
37028,9,2,1,1,1,0
37029,119,4,0,0,11,0
37030,1,0,0,0,1,0
37031,22,0,18,0,1,0
37032,7,0,0,0,6,0
37033,159,16,7,5,1,0
37034,1,0,0,0,3,0
37035,9,10,1,2,1,0
37036,149,15,0,12,7,0
37037,250,18,5,1,2,0
37038,89,11,1,0,2,0
37039,73,6,0,6,1,0
37040,71,2,0,0,1,0
37041,213,2,0,0,1,0
37042,119,19,0,9,2,0
37043,173,9,4,2,1,0
37044,79,20,3,2,1,0
37045,1,2,0,2,1,0
37046,65,4,0,0,3,0
37047,157,16,0,5,1,0
37048,195,7,4,6,1,0
37049,12,0,0,0,15,0
37050,65,3,0,0,7,0
37051,7,0,5,0,1,0
37052,1,0,3,0,1,0
37053,0,0,1,0,0,0
37054,14,0,0,0,2,0
37055,105,14,0,6,3,0
37056,70,0,14,0,1,0
37057,2,0,7,0,2,0
37058,65,3,0,0,7,0
37059,331,33,3,1,1,0
37060,94,0,13,0,1,0
37061,29,0,10,0,4,0
37062,0,0,1,0,0,0
37063,62,0,10,0,2,0
37064,0,0,1,0,0,0
37065,79,2,0,0,18,0
37066,137,0,9,0,1,0
37067,0,0,1,0,0,0
37068,71,3,0,5,1,0
37069,62,0,4,0,1,0
37070,0,0,1,0,0,0
37071,29,0,10,0,4,0
37072,78,0,7,0,1,0
37073,23,10,1,0,2,0
37074,144,9,4,6,1,0
37075,111,4,0,0,4,0
37076,1,0,0,0,2,0
37077,2,0,3,0,1,0
37078,107,14,0,1,2,0
37079,79,2,0,0,8,0
37080,145,0,19,0,7,0
37081,2,0,0,0,9,0
37082,31,0,8,0,2,0
37083,15,0,12,0,1,0
37084,152,25,5,2,1,0
37085,61,6,0,2,1,0
37086,201,3,1,2,1,0
37087,89,2,0,2,1,0
37088,9,0,0,0,3,0
37089,105,0,18,0,1,0
37090,676,40,12,17,19,0
37091,226,0,17,0,1,0
37092,190,0,11,0,4,0
37093,36,2,25,0,1,0
37094,126,13,3,0,1,0
37095,0,0,3,0,0,0
37096,139,3,0,0,25,0
37097,3,0,0,0,1,0
37098,14,1,0,0,2,0
37099,422,13,0,2,1,0
37100,45,2,1,1,3,0
37101,12,0,1,0,2,0
37102,276,11,10,2,1,0
37103,786,41,12,6,7,0
37104,6,0,0,0,1,0
37105,0,0,6,0,0,0
37106,91,4,3,2,3,0
37107,8,0,23,0,2,0
37108,13,0,26,0,3,0
37109,746,60,10,2,1,0
37110,0,0,6,0,0,0
37111,70,6,0,0,1,0
37112,5,0,8,0,3,0
37113,528,41,6,2,3,0
37114,720,66,28,3,1,0
37115,100,44,0,11,1,0
37116,421,71,7,4,55,0
37117,24,0,18,3,6,0
37118,24,0,18,3,6,0
37119,162,13,3,0,1,0
37120,597,4,11,2,1,0
37121,139,0,6,0,2,0
37122,125,12,0,0,1,0
37123,216,0,9,0,4,0
37124,24,0,8,0,1,0
37125,566,1,97,1,11,0
37126,126,15,0,0,1,0
37127,20,0,2,0,2,0
37128,2,0,0,0,2,0
37129,666,15,0,1,2,0
37130,474,16,6,0,1,0
37131,15,0,44,0,3,0
37132,828,124,18,3,1,0
37133,206,75,10,2,1,0
37134,15,0,2,0,3,0
37135,8,0,0,0,41,0
37136,590,9,1,3,1,0
37137,140,0,24,0,1,0
37138,139,11,1,0,1,0
37139,42,25,0,3,3,0
37140,123,7,1,0,1,0
37141,8,0,8,0,4,0
37142,15,3,1,0,2,0
37143,218,11,0,3,1,0
37144,131,26,4,0,1,0
37207,438,11,5,2,7,0
37208,338,2,9,2,2,0
37209,50,3,0,0,1,0
37210,256,3,6,0,4,0
37211,98,3,0,0,4,0
37212,4,0,4,0,2,0
37213,58,2,0,0,10,0
37214,360,15,2,0,1,0
37215,4,0,0,0,6,0
37216,62,2,0,0,4,0
37217,0,0,4,0,0,0
37218,763,121,15,8,3,0
37219,179,0,11,0,4,0
37220,118,14,7,8,16,0
37221,49,26,0,7,6,0
37222,0,0,0,0,0,0
37223,15,1,1,1,4,0
37224,2,0,0,0,2,0
37225,202,0,20,0,2,0
37226,1,0,0,0,1,0
37227,379,8,2,1,1,0
37228,345,17,5,1,3,0
37229,144,16,1,0,1,0
37230,377,6,6,4,4,0
37231,62,55,0,6,1,0
37232,2,6,0,0,1,0
37233,0,0,0,0,0,0
37234,182,7,2,0,5,0
37235,5,2,0,13,4,0
37236,199,8,2,19,2,0
37237,16,0,9,0,2,0
37238,35,26,8,0,2,0
37239,22,0,0,0,11,0
37240,16,0,0,0,7,0
37241,177,23,0,7,1,0
37242,749,17,0,1,1,0
37243,635,15,0,0,1,0
37244,88,3,0,1,1,0
37245,21,40,0,2,1,0
37246,0,0,5,0,0,0
37247,358,10,2,0,1,0
37248,138,0,7,0,2,0
37249,283,3,10,2,3,0
37250,217,4,1,0,1,0
37251,96,0,13,0,4,0
37252,0,0,7,0,0,0
37253,1,0,0,0,6,0
37254,122,2,0,0,4,0
37255,295,4,5,1,4,0
37256,296,0,38,0,3,0
37257,138,3,0,0,42,0
37258,996,65,13,1,1,0
37259,17,21,0,2,4,0
37260,202,0,29,0,5,0
37261,278,29,3,0,1,0
37262,10,0,0,0,4,0
37263,239,9,3,0,1,0
37264,134,4,4,2,1,0
37265,80,1,0,0,5,0
37266,4,0,0,0,11,0
37267,124,2,0,0,12,0
37268,123,0,38,0,1,0
37269,336,6,0,0,1,0
37270,158,1,1,1,1,0
37271,697,98,13,5,2,0
37272,14,2,1,1,1,0
37273,177,19,2,2,1,0
37274,362,26,2,5,2,0
37275,15,0,0,0,6,0
37276,25,0,0,0,4,0
37277,247,28,0,2,3,0
37278,32,0,0,0,2,0
37279,19,0,0,5,1,0
37280,235,38,0,1,1,0
37281,0,0,0,0,0,0
37282,141,5,2,2,2,0
37283,91,0,16,0,2,0
37284,118,45,0,7,3,0
37285,676,6,7,3,2,0
37286,85,3,0,1,1,0
37287,174,9,1,0,1,0
37288,90,6,0,0,1,0
37289,68,3,2,1,3,0
37290,5,0,0,0,3,0
37291,25,4,1,0,1,0
37292,358,2,1,0,1,0
37293,1129,78,14,3,2,0
37294,261,6,1,0,1,0
37295,29,0,25,0,2,0
37296,15,0,15,0,2,0
37297,176,0,13,0,2,0
37298,4,3,0,0,3,0
37299,85,8,0,9,2,0
37300,435,0,33,0,1,0
37301,128,6,0,1,1,0
37302,20,42,23,0,4,0
37303,208,21,0,2,2,0
37304,25,0,0,0,4,0
37305,24,0,0,0,2,0
