# Id_interactions,B0,B1,B2,B3,label
11949,404954,18,13,0,1
11950,423571,21,13,0,1
11951,432884,18,13,0,1
11952,451501,21,13,0,1
11953,456186,4,0,0,1
11954,470151,4,0,0,1
11980,465496,4,0,0,1
11981,442194,18,13,0,1
11982,442194,18,13,0,1
11983,460844,1,0,0,1
11984,404984,1,0,0,1
11985,451534,1,0,0,1
11986,404984,1,0,0,1
11987,409639,1,0,0,1
11988,428229,18,13,0,1
11989,465499,1,0,0,1
11990,446849,18,13,0,1
11991,446879,1,0,0,1
11992,418919,18,13,0,1
11993,437539,18,13,0,1
11994,446846,21,13,0,1
11995,409609,18,13,0,1
11997,302544,18,13,0,1
11998,423574,18,13,0,1
11999,409609,18,13,0,1
12000,428229,18,13,0,1
12001,479461,4,0,0,1
12002,395644,18,13,0,1
12003,437539,18,13,0,1
12004,339784,18,13,0,1
12005,465466,21,13,0,1
12016,414264,18,13,0,1
12017,404954,18,13,0,1
12018,442221,4,0,0,1
12019,414264,18,13,0,1
12020,470151,4,0,0,1
12021,391019,1,0,0,1
12022,474806,4,0,0,1
12023,400329,1,0,0,1
12024,479461,4,0,0,1
12025,446846,21,13,0,1
12026,404984,1,0,0,1
12027,446879,1,0,0,1
12028,395644,18,13,0,1
12029,372369,18,13,0,1
12055,377055,0,0,0,1
12056,358435,0,0,0,1
12057,363090,0,0,0,1
12058,367745,0,0,0,1
12059,381710,0,0,0,1
12060,363090,0,0,0,1
12061,358435,0,0,0,1
12250,456190,0,0,0,1
12251,656354,1,0,0,1
12252,465500,0,0,0,1
12253,679629,1,0,0,1
12254,451534,1,0,0,1
12255,684284,1,0,0,1
12256,423604,1,0,0,1
12257,688939,1,0,0,1
12258,642390,0,0,0,1
12320,363090,0,0,0,1
12662,390989,18,13,0,1
13117,437570,0,0,0,1
13118,460844,1,0,0,1
13120,451534,1,0,0,1
13121,456190,0,0,0,1
13163,311884,1,0,0,1
13166,446880,0,0,0,1
13167,628424,1,0,0,1
13190,321195,0,0,0,1
13260,307230,0,0,0,1
13571,297920,0,0,0,1
13668,1200987,3,0,0,1
13760,432914,1,0,0,1
14273,442225,0,0,0,1
14325,437569,1,0,0,1
14764,512045,5,0,0,1
14930,479465,0,0,0,1
15167,1042717,3,0,0,1
15462,470155,0,0,0,1
15560,684284,1,0,0,1
15590,661009,1,0,0,1
15632,423604,1,0,0,1
15790,1098577,3,0,0,1
15791,702904,1,0,0,1
16271,428260,0,0,0,1
16272,442225,0,0,0,1
16306,451535,0,0,0,1
16326,442225,0,0,0,1
16361,1163750,0,0,0,1
16362,460845,0,0,0,1
16363,488775,0,0,0,1
16405,400329,1,0,0,1
16426,493430,0,0,0,1
16427,367745,0,0,0,1
16428,456190,0,0,0,1
16470,451534,1,0,0,1
16497,311885,0,0,0,1
16498,423604,1,0,0,1
16531,442225,0,0,0,1
16532,484120,0,0,0,1
16533,651699,1,0,0,1
16716,595840,0,0,0,1
16717,1140475,0,0,0,1
16718,423604,1,0,0,1
16800,302575,0,0,0,1
16872,465500,0,0,0,1
16873,470155,0,0,0,1
16874,605150,0,0,0,1
16875,498085,0,0,0,1
16881,418949,1,0,0,1
16923,493430,0,0,0,1
16987,488775,0,0,0,1
16999,432914,1,0,0,1
17002,474810,0,0,0,1
17049,488775,0,0,0,1
17050,311885,0,0,0,1
17091,647044,1,0,0,1
17092,414294,1,0,0,1
17099,330505,0,0,0,1
17100,605150,0,0,0,1
17180,437540,17,13,0,1
17313,446880,0,0,0,1
17386,465500,0,0,0,1
17387,460845,0,0,0,1
17388,465500,0,0,0,1
17429,474810,0,0,0,1
17430,400329,1,0,0,1
17498,470155,0,0,0,1
17591,516705,0,0,0,1
17836,456190,0,0,0,1
18182,470155,0,0,0,1
18183,470155,0,0,0,1
19101,442225,0,0,0,1
19102,437570,0,0,0,1
19296,474810,0,0,0,1
19297,470155,0,0,0,1
19298,437540,17,13,0,1
19299,474810,0,0,0,1
19300,512050,0,0,0,1
19301,833245,0,0,0,1
19302,414295,0,0,0,1
19303,400329,1,0,0,1
20663,456190,0,0,0,1
21286,1117200,0,0,0,1
21575,432910,5,0,0,1
21576,404984,1,0,0,1
21578,446880,0,0,0,1
21579,470155,0,0,0,1
21740,484010,110,0,0,1
21795,428230,17,13,0,1
21816,446879,1,0,0,1
21817,516705,0,0,0,1
21818,437569,1,0,0,1
21819,279300,0,0,0,1
21900,474809,1,0,0,1
21901,442225,0,0,0,1
21902,484120,0,0,0,1
21923,484120,0,0,0,1
21924,442225,0,0,0,1
21945,456189,1,0,0,1
21946,493430,0,0,0,1
21957,474810,0,0,0,1
21958,400329,1,0,0,1
21959,1005480,0,0,0,1
21960,1107887,3,0,0,1
21991,1070647,3,0,0,1
21992,512050,0,0,0,1
21993,321195,0,0,0,1
21994,316540,0,0,0,1
21995,493430,0,0,0,1
21996,437569,1,0,0,1
21997,1089267,3,0,0,1
21998,451535,0,0,0,1
21999,479465,0,0,0,1
22000,428259,1,0,0,1
22032,1056682,3,0,0,1
22033,595839,1,0,0,1
22034,437569,1,0,0,1
22035,437569,1,0,0,1
22036,283955,0,0,0,1
22037,395674,1,0,0,1
22038,437570,0,0,0,1
22039,442224,1,0,0,1
22040,451535,0,0,0,1
22061,488775,0,0,0,1
22062,498085,0,0,0,1
22063,1112542,3,0,0,1
22064,418949,1,0,0,1
22065,1121855,0,0,0,1
22066,651699,1,0,0,1
22074,446879,1,0,0,1
22075,474810,0,0,0,1
22253,470155,0,0,0,1
22254,428255,5,0,0,1
22255,325850,0,0,0,1
22256,451535,0,0,0,1
22356,488775,0,0,0,1
22607,479464,1,0,0,1
23207,1075305,0,0,0,1
23208,651699,1,0,0,1
23209,670319,0,1,0,1
23210,595839,1,0,0,1
23211,498085,0,0,0,1
23329,493430,0,0,0,1
23341,1079957,3,0,0,1
23342,1103232,3,0,0,1
23343,1121852,3,0,0,1
23364,386365,0,0,0,1
23365,451535,0,0,0,1
23407,674974,1,0,0,1
23408,451535,0,0,0,1
23409,656354,1,0,0,1
23410,390989,18,13,0,1
23411,684284,1,0,0,1
23412,679629,1,0,0,1
23413,460845,0,0,0,1
23414,428259,1,0,0,1
23553,307230,0,0,0,1
23804,1014787,3,0,0,1
26103,437569,1,0,0,1
26157,600495,0,0,0,1
26827,502740,0,0,0,1
26828,470155,0,0,0,1
26829,442220,5,0,0,1
26830,474810,0,0,0,1
26831,390910,110,0,0,1
26832,409530,110,0,0,1
26833,344470,0,0,0,1
26834,400329,1,0,0,1
26835,1065991,4,0,0,1
26970,283955,0,0,0,1
27068,479465,0,0,0,1
30051,1107890,0,0,0,1
12248,209285,0,0,0,1
12281,57278,0,0,0,1
13168,174036,1,0,0,1
13258,215894,0,0,0,1
13342,220300,0,0,0,1
11955,280375,1,0,0,1
11976,272047,1,0,0,1
11977,274823,1,0,0,1
11978,272047,1,0,0,1
11979,274823,1,0,0,1
12315,238736,0,0,0,1
12316,222080,0,0,0,1
12317,238736,0,0,0,1
12318,219304,0,0,0,1
12319,269266,6,0,0,1
13164,216528,0,0,0,1
13169,208200,0,0,0,1
13191,247064,0,0,0,1
13192,549648,0,0,0,1
13213,197096,0,0,0,1
13214,205424,0,0,0,1
13235,230408,0,0,0,1
13256,222080,0,0,0,1
13257,185990,2,0,0,1
13259,299808,0,0,0,1
13301,194320,0,0,0,1
13439,205424,0,0,0,1
13462,222080,0,0,0,1
13506,241512,0,0,0,1
13527,283152,0,0,0,1
13713,466368,0,0,0,1
13714,219304,0,0,0,1
13810,233184,0,0,0,1
13853,258168,0,0,0,1
14018,494126,2,0,0,1
14019,163784,0,0,0,1
14231,166560,0,0,0,1
14484,194320,0,0,0,1
14539,263720,0,0,0,1
14540,238736,0,0,0,1
14541,272048,0,0,0,1
14542,188766,2,0,0,1
14543,505232,0,0,0,1
14559,291480,0,0,0,1
14587,274824,0,0,0,1
14589,252616,0,0,0,1
14590,496904,0,0,0,1
14593,185992,0,0,0,1
14594,219304,0,0,0,1
14636,452486,2,0,0,1
14637,316464,0,0,0,1
14638,247064,0,0,0,1
14639,219304,0,0,0,1
14703,496902,2,0,0,1
15463,340423,2,0,0,1
16882,331345,2,0,0,1
12136,79740,0,0,0,1
12157,77968,0,0,0,1
12158,76196,0,0,0,1
12159,77968,0,0,0,1
12212,79740,0,0,0,1
12213,79740,0,0,0,1
12214,79740,0,0,0,1
12215,79740,0,0,0,1
12216,79740,0,0,0,1
12217,77968,0,0,0,1
12218,83284,0,0,0,1
12219,77968,0,0,0,1
12220,81512,0,0,0,1
12221,77968,0,0,0,1
12222,81512,0,0,0,1
12125,889322,21,1,0,1
15939,213493,2,0,0,1
12601,268686,2,0,0,1
28641,433373,8,0,0,1
26333,471381,12,0,0,1
28642,664268,56,2,0,1
26434,436318,8,0,0,1
26487,434515,8,0,0,1
23221,223183,1,0,0,1
12663,141230,0,0,0,1
12704,141230,0,0,0,1
12705,194798,2,0,0,1
12875,141230,0,0,0,1
12898,194798,2,0,0,1
12919,199668,2,0,0,1
12991,141230,0,0,0,1
12992,192363,2,0,0,1
13053,141230,0,0,0,1
13054,141230,0,0,0,1
12949,268807,5,0,0,1
12950,180520,2,0,0,1
13119,1022364,4,0,0,1
14588,1058029,3,0,0,1
15204,980753,7,0,0,1
15436,1058029,3,0,0,1
22479,1075860,4,0,0,1
22520,1046140,4,0,0,1
22521,974809,7,0,0,1
13162,423393,3,0,0,1
15431,512518,13,1,0,1
15432,395540,1,0,0,1
15433,501384,6,0,0,1
15434,306404,1,0,0,1
15435,495819,0,0,0,1
15495,963780,3,0,0,1
16183,2089120,4,0,0,1
18863,506955,6,0,0,1
22142,1715852,14,2,0,1
22683,295262,1,0,0,1
27416,300833,1,0,0,1
30100,428965,2,0,0,1
13165,239852,2,0,0,1
13391,1077110,6,0,0,1
26901,208962,0,0,0,1
26902,244530,0,0,0,1
26903,257868,0,0,0,1
26904,231191,1,0,0,1
17593,1043348,4,0,0,1
15291,1090203,7,0,0,1
13811,228388,1,0,0,1
13852,395850,0,0,0,1
13997,161003,4,0,0,1
14461,189420,0,0,0,1
14272,143400,0,0,0,1
14369,126654,0,0,0,1
14517,148764,0,0,0,1
14518,151018,0,0,0,1
14558,417516,4,0,0,1
14635,287045,0,0,0,1
14640,297483,0,0,0,1
21139,260950,0,0,0,1
26694,266169,0,0,0,1
26695,266169,0,0,0,1
29978,276607,0,0,0,1
14591,214956,0,0,0,1
14592,303264,0,0,0,1
14641,149276,0,0,0,1
14642,147048,0,0,0,1
15916,140364,0,0,0,1
14726,130593,15,0,0,1
14727,7749,0,0,0,1
14790,300270,2,0,0,1
17554,466494,0,0,0,1
25407,305634,0,0,0,1
25408,386064,0,0,0,1
26880,445045,1,0,0,1
26062,271845,1,0,0,1
15041,1175165,15,0,0,1
21593,1179560,3,2,0,1
15092,187880,0,0,0,1
15093,138600,0,0,0,1
15094,135506,1,0,0,1
29977,180676,0,0,0,1
15182,331584,1,0,0,1
22449,375530,0,0,0,1
15203,1642258,31,1,0,1
16449,400292,0,0,0,1
15559,406534,0,0,0,1
20436,1068760,22,0,0,1
15706,460078,2,0,0,1
15749,183144,0,0,0,1
26154,333475,4,1,0,1
15895,170863,0,0,0,1
15917,138714,0,0,0,1
15918,140988,0,0,0,1
16133,113292,0,0,0,1
16404,190874,3,0,0,1
16608,195316,0,0,0,1
16871,190889,1,0,0,1
17147,119449,1,0,0,1
17248,480807,0,0,0,1
17255,254085,0,0,0,1
17245,395616,1,0,0,1
17234,461772,0,0,0,1
17258,738545,8,0,0,1
17346,243839,1,0,0,1
17367,79208,4,0,0,1
17599,108265,0,0,0,1
17651,93058,0,0,0,1
17652,107219,0,0,0,1
17653,101150,0,0,0,1
25865,212415,0,0,0,1
17674,376908,0,0,0,1
17695,1019197,4,0,0,1
17696,1046390,15,1,0,1
18019,1097615,25,2,0,1
18250,528249,1,0,0,1
18962,234726,0,0,0,1
21544,238031,1,0,0,1
21545,241337,1,0,0,1
26955,261912,1,0,0,1
24278,180475,5,0,0,1
20251,239983,1,0,0,1
20678,319390,0,0,0,1
21339,354159,1,0,0,1
21548,68796,0,0,0,1
21552,72324,0,0,0,1
21553,68796,0,0,0,1
23532,68796,0,0,0,1
21549,78330,0,0,0,1
21550,76465,0,0,0,1
21554,76465,0,0,0,1
21551,87043,0,0,0,1
21696,269074,8,0,0,1
21697,80180,1,0,0,1
21698,61154,1,0,0,1
21699,86976,0,0,0,1
21956,392644,0,0,0,1
22448,1251407,23,2,0,1
22522,287483,0,0,0,1
22586,90699,0,0,0,1
22682,131949,1,0,0,1
23222,190327,1,0,0,1
23531,73416,0,0,0,1
24749,310998,0,0,0,1
25405,155610,0,0,0,1
25406,155614,0,0,0,1
26308,352960,7,1,0,1
29573,98692,4,0,0,1
29851,463358,2,0,0,1
9372,158267,3,0,0,1
9373,512049,1,0,0,1
9374,358435,0,0,0,1
9375,237405,0,0,0,1
9376,181542,3,0,0,1
9377,237405,0,0,0,1
9380,260649,18,13,0,1
9381,256024,1,0,0,1
9382,516704,1,0,0,1
9383,148960,0,0,0,1
9385,195510,0,0,0,1
9387,228095,0,0,0,1
9388,242060,0,0,0,1
9389,209445,17,13,0,1
9390,148960,0,0,0,1
9391,288610,0,0,0,1
9392,302575,0,0,0,1
9393,237405,0,0,0,1
9394,260680,0,0,0,1
9396,423605,0,0,0,1
9398,777382,3,0,0,1
9399,386255,110,0,0,1
9400,763417,3,0,0,1
9401,423604,1,0,0,1
9402,256025,0,0,0,1
9403,148960,0,0,0,1
9404,204820,0,0,0,1
9406,260680,0,0,0,1
9408,134995,0,0,0,1
9409,214130,0,0,0,1
9410,148960,0,0,0,1
9411,237375,17,13,0,1
9413,134995,0,0,0,1
9414,256025,0,0,0,1
9416,242060,0,0,0,1
9424,148960,0,0,0,1
9425,311885,0,0,0,1
9426,1000822,3,0,0,1
9427,223440,0,0,0,1
9428,223437,3,0,0,1
9429,446880,0,0,0,1
9430,167577,3,0,0,1
9438,214130,0,0,0,1
9439,344470,0,0,0,1
9440,344470,0,0,0,1
9441,176890,0,0,0,1
9443,349125,0,0,0,1
9444,418950,0,0,0,1
9446,418950,0,0,0,1
9452,437570,0,0,0,1
9453,279300,0,0,0,1
9454,274645,0,0,0,1
9455,423605,0,0,0,1
9458,265335,0,0,0,1
9467,172232,3,0,0,1
9468,279300,0,0,0,1
9469,256024,1,0,0,1
9471,162925,0,0,0,1
9473,158270,0,0,0,1
9475,228095,0,0,0,1
9476,442225,0,0,0,1
9484,470155,0,0,0,1
9487,134995,0,0,0,1
9488,223440,0,0,0,1
9490,265335,0,0,0,1
9491,167577,3,0,0,1
9492,1084612,3,0,0,1
9493,134995,0,0,0,1
9494,470155,0,0,0,1
9495,321195,0,0,0,1
9496,391020,0,0,0,1
9497,232750,0,0,0,1
9498,237405,0,0,0,1
9499,712215,0,0,0,1
9500,283955,0,0,0,1
9501,167577,3,0,0,1
9502,148960,0,0,0,1
9536,358435,0,0,0,1
9537,414294,1,0,0,1
9539,1052027,3,0,0,1
9540,130340,0,0,0,1
9577,256025,0,0,0,1
9578,228095,0,0,0,1
9579,283955,0,0,0,1
9580,763417,3,0,0,1
9583,256025,0,0,0,1
9584,1075302,3,0,0,1
9585,242030,17,13,0,1
9587,1061337,3,0,0,1
9588,311885,0,0,0,1
9589,432915,0,0,0,1
9590,260679,1,0,0,1
9591,316540,0,0,0,1
9592,279300,0,0,0,1
9593,260680,0,0,0,1
9601,204820,0,0,0,1
9602,442224,1,0,0,1
9603,325850,0,0,0,1
9604,251369,1,0,0,1
9606,144305,0,0,0,1
9608,260679,1,0,0,1
9609,144305,0,0,0,1
9610,158270,0,0,0,1
9611,763417,3,0,0,1
9612,237405,0,0,0,1
9613,148960,0,0,0,1
9614,237405,0,0,0,1
9615,162925,0,0,0,1
9616,754110,0,0,0,1
9618,768072,3,0,0,1
9619,339815,0,0,0,1
9623,437569,1,0,0,1
9625,507393,2,0,0,1
9626,428260,0,0,0,1
9628,181545,0,0,0,1
9629,349125,0,0,0,1
9630,256024,1,0,0,1
9631,521359,1,0,0,1
9632,321195,0,0,0,1
9634,339815,0,0,0,1
9638,1028752,3,0,0,1
9639,265335,0,0,0,1
9641,246685,17,13,0,1
9643,297920,0,0,0,1
9644,223440,0,0,0,1
9645,256025,0,0,0,1
9653,432915,0,0,0,1
9654,246715,0,0,0,1
9655,148960,0,0,0,1
9657,134995,0,0,0,1
9660,256025,0,0,0,1
9661,260680,0,0,0,1
9662,172235,0,0,0,1
9666,223409,18,13,0,1
9668,297920,0,0,0,1
9669,404985,0,0,0,1
9670,167580,0,0,0,1
9671,218785,0,0,0,1
9673,274645,0,0,0,1
9674,367745,0,0,0,1
9675,353780,0,0,0,1
9676,1084612,3,0,0,1
9677,176890,0,0,0,1
9681,465500,0,0,0,1
9682,777382,3,0,0,1
9683,614459,1,0,0,1
9685,172235,0,0,0,1
9688,325850,0,0,0,1
9689,148960,0,0,0,1
9690,349125,0,0,0,1
9692,172235,0,0,0,1
9693,172232,3,0,0,1
9696,302575,0,0,0,1
9697,377055,0,0,0,1
9698,623770,0,0,0,1
9706,460845,0,0,0,1
9707,339815,0,0,0,1
9708,172235,0,0,0,1
9711,367745,0,0,0,1
9720,404985,0,0,0,1
9721,451535,0,0,0,1
9725,269989,1,0,0,1
9726,288610,0,0,0,1
9727,172235,0,0,0,1
9728,283955,0,0,0,1
9729,228095,0,0,0,1
9740,1079957,3,0,0,1
9741,479465,0,0,0,1
9744,414295,0,0,0,1
9746,293265,0,0,0,1
9747,423605,0,0,0,1
9768,148960,0,0,0,1
9769,283955,0,0,0,1
9770,283955,0,0,0,1
9772,512049,1,0,0,1
9773,148960,0,0,0,1
9774,335160,0,0,0,1
9775,167580,0,0,0,1
9776,353780,0,0,0,1
9785,446880,0,0,0,1
9786,148960,0,0,0,1
9787,442224,1,0,0,1
9788,330505,0,0,0,1
9789,260679,1,0,0,1
9791,228064,18,13,0,1
9792,260679,1,0,0,1
9793,274645,0,0,0,1
9794,144305,0,0,0,1
9796,274645,0,0,0,1
9797,386255,110,0,0,1
9798,269990,0,0,0,1
9799,144305,0,0,0,1
9800,465500,0,0,0,1
9801,176890,0,0,0,1
9802,1028752,3,0,0,1
9803,144305,0,0,0,1
9804,302575,0,0,0,1
9807,446879,1,0,0,1
9808,167580,0,0,0,1
9809,144305,0,0,0,1
9811,456190,0,0,0,1
9812,1014787,3,0,0,1
9815,311885,0,0,0,1
9816,144305,0,0,0,1
9817,335160,0,0,0,1
9820,246715,0,0,0,1
9822,474810,0,0,0,1
9823,307230,0,0,0,1
9825,172232,3,0,0,1
9826,269990,0,0,0,1
9827,996167,3,0,0,1
9829,339813,2,0,0,1
9830,283955,0,0,0,1
9831,265334,1,0,0,1
9832,265334,1,0,0,1
9833,446880,0,0,0,1
9834,153615,0,0,0,1
9837,139650,0,0,0,1
9838,237405,0,0,0,1
9839,265334,1,0,0,1
9840,283955,0,0,0,1
9841,423605,0,0,0,1
9842,256025,0,0,0,1
9843,167577,3,0,0,1
9844,293265,0,0,0,1
9845,763417,3,0,0,1
9846,223440,0,0,0,1
9847,274645,0,0,0,1
9848,153615,0,0,0,1
9849,479465,0,0,0,1
9850,339815,0,0,0,1
9851,465500,0,0,0,1
9853,339815,0,0,0,1
9854,414295,0,0,0,1
9856,204820,0,0,0,1
9865,786692,3,0,0,1
9866,274645,0,0,0,1
9867,167580,0,0,0,1
9871,237405,0,0,0,1
9872,428259,1,0,0,1
9873,232750,0,0,0,1
9876,297920,0,0,0,1
9877,335160,0,0,0,1
9878,242029,18,13,0,1
9880,144305,0,0,0,1
9882,260679,1,0,0,1
9883,502739,1,0,0,1
9884,148960,0,0,0,1
9885,465500,0,0,0,1
9886,218785,0,0,0,1
9887,167577,3,0,0,1
9889,349125,0,0,0,1
9890,148960,0,0,0,1
9892,279300,0,0,0,1
9893,232750,0,0,0,1
9894,274645,0,0,0,1
9895,768072,3,0,0,1
9897,409639,1,0,0,1
9898,265334,1,0,0,1
9899,293265,0,0,0,1
9902,274645,0,0,0,1
9904,256024,1,0,0,1
9905,269987,3,0,0,1
9906,134995,0,0,0,1
9907,498084,1,0,0,1
9908,237404,1,0,0,1
9909,418949,1,0,0,1
9910,232750,0,0,0,1
9912,274645,0,0,0,1
9913,353780,0,0,0,1
9914,363090,0,0,0,1
9915,256025,0,0,0,1
9917,256025,0,0,0,1
9925,404985,0,0,0,1
9926,358435,0,0,0,1
9928,712215,0,0,0,1
9931,353780,0,0,0,1
9932,158266,4,0,0,1
9933,423605,0,0,0,1
9934,428260,0,0,0,1
9935,274645,0,0,0,1
9937,493430,0,0,0,1
9938,330505,0,0,0,1
9939,255995,17,13,0,1
9941,507394,1,0,0,1
9942,134995,0,0,0,1
9944,251370,0,0,0,1
9945,498080,5,0,0,1
9947,428259,1,0,0,1
9948,148960,0,0,0,1
9949,330505,0,0,0,1
9950,451535,0,0,0,1
9951,1089267,3,0,0,1
9952,232750,0,0,0,1
9953,148960,0,0,0,1
9954,246685,17,13,0,1
9955,256025,0,0,0,1
9956,162925,0,0,0,1
9957,246715,0,0,0,1
9958,432910,5,0,0,1
9959,1093922,3,0,0,1
9960,456190,0,0,0,1
9964,418950,0,0,0,1
9965,162925,0,0,0,1
9969,167577,3,0,0,1
9970,442225,0,0,0,1
9971,265304,18,13,0,1
9972,176890,0,0,0,1
9973,442225,0,0,0,1
9974,269990,0,0,0,1
9977,777382,3,0,0,1
9979,386365,0,0,0,1
9980,758762,3,0,0,1
9981,228095,0,0,0,1
9984,148960,0,0,0,1
9985,246685,17,13,0,1
9986,330505,0,0,0,1
9994,228095,0,0,0,1
9997,325850,0,0,0,1
9998,335160,0,0,0,1
9999,256024,1,0,0,1
10000,418920,17,13,0,1
10001,283955,0,0,0,1
10002,269989,1,0,0,1
10004,442225,0,0,0,1
10006,730835,0,0,0,1
10007,335160,0,0,0,1
10008,321195,0,0,0,1
10009,353780,0,0,0,1
10010,339815,0,0,0,1
10011,172235,0,0,0,1
10012,386365,0,0,0,1
10013,460845,0,0,0,1
10014,423605,0,0,0,1
10018,456190,0,0,0,1
10019,162925,0,0,0,1
10020,1061337,3,0,0,1
10021,391020,0,0,0,1
10022,526014,0,1,0,1
10023,176890,0,0,0,1
10024,307230,0,0,0,1
10026,437570,0,0,0,1
10029,763417,3,0,0,1
10031,256024,1,0,0,1
10034,1065992,3,0,0,1
10035,256024,1,0,0,1
10036,349125,0,0,0,1
10037,158270,0,0,0,1
10038,688940,0,0,0,1
10039,297920,0,0,0,1
10040,512049,1,0,0,1
10041,349125,0,0,0,1
10042,512049,1,0,0,1
10043,269990,0,0,0,1
10044,172235,0,0,0,1
10045,404985,0,0,0,1
10052,144305,0,0,0,1
10053,181542,3,0,0,1
10054,283955,0,0,0,1
10055,260679,1,0,0,1
10056,414294,1,0,0,1
10058,260680,0,0,0,1
10059,167577,3,0,0,1
10063,200165,0,0,0,1
10064,414295,0,0,0,1
10065,274645,0,0,0,1
10066,167577,3,0,0,1
10067,316540,0,0,0,1
10070,428259,1,0,0,1
10072,502739,1,0,0,1
10074,134995,0,0,0,1
10076,451535,0,0,0,1
10098,479465,0,0,0,1
10099,772727,3,0,0,1
10102,446880,0,0,0,1
10103,232750,0,0,0,1
10104,796002,3,0,0,1
10105,498085,0,0,0,1
10106,349125,0,0,0,1
10108,246685,17,13,0,1
10109,162925,0,0,0,1
10110,1065992,3,0,0,1
10111,232750,0,0,0,1
10112,167577,3,0,0,1
10113,674975,0,0,0,1
10121,148960,0,0,0,1
10122,288502,108,0,0,1
10123,1028752,3,0,0,1
10124,256024,1,0,0,1
10132,744797,3,0,0,1
10133,465500,0,0,0,1
10134,996167,3,0,0,1
10135,158267,3,0,0,1
10136,172235,0,0,0,1
10137,512049,0,1,0,1
10139,325850,0,0,0,1
10141,167580,0,0,0,1
10142,768072,3,0,0,1
10144,274644,1,0,0,1
10148,465500,0,0,0,1
10149,288610,0,0,0,1
10150,251340,17,13,0,1
10151,269990,0,0,0,1
10152,228095,0,0,0,1
10153,148960,0,0,0,1
10154,251370,0,0,0,1
10155,288610,0,0,0,1
10157,325850,0,0,0,1
10159,288609,1,0,0,1
10160,302575,0,0,0,1
10168,418920,17,13,0,1
10169,479465,0,0,0,1
10170,423605,0,0,0,1
10172,279300,0,0,0,1
10173,302575,0,0,0,1
10174,507394,1,0,0,1
10175,246685,17,13,0,1
10176,153612,3,0,0,1
10177,349125,0,0,0,1
10178,772727,3,0,0,1
10179,302575,0,0,0,1
10182,251369,1,0,0,1
10183,344470,0,0,0,1
10184,269989,1,0,0,1
10185,148960,0,0,0,1
10186,456190,0,0,0,1
10187,232750,0,0,0,1
10189,148960,0,0,0,1
10190,134995,0,0,0,1
10191,269990,0,0,0,1
10192,251370,0,0,0,1
10195,772727,3,0,0,1
10198,791347,3,0,0,1
10199,139650,0,0,0,1
10200,265335,0,0,0,1
10201,274645,0,0,0,1
10202,228095,0,0,0,1
10203,349125,0,0,0,1
10204,204820,0,0,0,1
10205,283955,0,0,0,1
10206,446880,0,0,0,1
10208,325850,0,0,0,1
10210,228095,0,0,0,1
10211,148960,0,0,0,1
10212,274645,0,0,0,1
10216,1065992,3,0,0,1
10217,256025,0,0,0,1
10218,148960,0,0,0,1
10219,391019,1,0,0,1
10220,246715,0,0,0,1
10221,567910,0,0,0,1
10222,316540,0,0,0,1
10225,465500,0,0,0,1
10226,442225,0,0,0,1
10227,335160,0,0,0,1
10228,330505,0,0,0,1
10229,265334,1,0,0,1
10231,442224,1,0,0,1
10232,246685,17,13,0,1
10233,349125,0,0,0,1
10234,451535,0,0,0,1
10235,432915,0,0,0,1
10237,130340,0,0,0,1
10238,260650,17,13,0,1
10239,246715,0,0,0,1
10240,423605,0,0,0,1
10242,251370,0,0,0,1
10244,1056682,3,0,0,1
10245,283955,0,0,0,1
10246,293265,0,0,0,1
10247,246685,17,13,0,1
10248,428260,0,0,0,1
10249,297920,0,0,0,1
10250,1098577,3,0,0,1
10251,167577,3,0,0,1
10252,232750,0,0,0,1
10254,442224,1,0,0,1
10264,232750,0,0,0,1
10266,507394,0,1,0,1
10267,423604,1,0,0,1
10275,279300,0,0,0,1
10276,172235,0,0,0,1
10277,437569,1,0,0,1
10278,148960,0,0,0,1
10300,181545,0,0,0,1
10301,325850,0,0,0,1
10310,214130,0,0,0,1
10311,246712,3,0,0,1
10314,288610,0,0,0,1
10315,242060,0,0,0,1
10316,246685,17,13,0,1
10317,251340,17,13,0,1
10318,167580,0,0,0,1
10324,251340,17,13,0,1
10326,260680,0,0,0,1
10329,428260,0,0,0,1
10330,395565,110,0,0,1
10333,465500,0,0,0,1
10334,228095,0,0,0,1
10335,451535,0,0,0,1
10337,335160,0,0,0,1
10338,335160,0,0,0,1
10339,674975,0,0,0,1
10340,288610,0,0,0,1
10341,330505,0,0,0,1
10342,176887,3,0,0,1
10343,418950,0,0,0,1
10344,144305,0,0,0,1
10345,437570,0,0,0,1
10346,684285,0,0,0,1
10347,176890,0,0,0,1
10356,349125,0,0,0,1
10357,228095,0,0,0,1
10359,460735,110,0,0,1
10360,256025,0,0,0,1
10361,232750,0,0,0,1
10363,428260,0,0,0,1
10364,158270,0,0,0,1
10365,358435,0,0,0,1
10367,228095,0,0,0,1
10368,148960,0,0,0,1
10369,246685,17,13,0,1
10371,521359,1,0,0,1
10373,148960,0,0,0,1
10374,274645,0,0,0,1
10375,237405,0,0,0,1
10376,237405,0,0,0,1
10377,321195,0,0,0,1
10378,349125,0,0,0,1
10379,148960,0,0,0,1
10387,712215,0,0,0,1
10388,279300,0,0,0,1
10389,148960,0,0,0,1
10390,246715,0,0,0,1
10391,256024,1,0,0,1
10392,428259,1,0,0,1
10393,283955,0,0,0,1
10394,246715,0,0,0,1
10395,442224,1,0,0,1
10396,228095,0,0,0,1
10397,167577,3,0,0,1
10399,228095,0,0,0,1
10401,237405,0,0,0,1
10404,502739,1,0,0,1
10406,754110,0,0,0,1
10407,265335,0,0,0,1
10408,260679,1,0,0,1
10413,442225,0,0,0,1
10414,251369,1,0,0,1
10416,1014787,3,0,0,1
10418,437570,0,0,0,1
10419,167580,0,0,0,1
10420,395674,1,0,0,1
10421,297920,0,0,0,1
10423,148960,0,0,0,1
10425,139650,0,0,0,1
10426,451534,1,0,0,1
10427,181545,0,0,0,1
10430,358435,0,0,0,1
10431,437569,1,0,0,1
10434,782037,3,0,0,1
10435,451535,0,0,0,1
10436,777382,3,0,0,1
10437,367745,0,0,0,1
10438,153615,0,0,0,1
10439,228095,0,0,0,1
10440,311885,0,0,0,1
10441,251370,0,0,0,1
10442,242060,0,0,0,1
10443,167577,3,0,0,1
10444,344470,0,0,0,1
10445,283955,0,0,0,1
10447,162925,0,0,0,1
10448,428260,0,0,0,1
10449,232749,1,0,0,1
10450,162922,3,0,0,1
10451,232750,0,0,0,1
10460,265335,0,0,0,1
10462,237405,0,0,0,1
10463,386365,0,0,0,1
10464,283955,0,0,0,1
10465,400329,1,0,0,1
10466,325850,0,0,0,1
10469,176890,0,0,0,1
10471,423605,0,0,0,1
10474,256024,1,0,0,1
10475,195510,0,0,0,1
10476,339815,0,0,0,1
10477,432915,0,0,0,1
10478,172232,3,0,0,1
10480,148960,0,0,0,1
10481,218785,0,0,0,1
10482,237375,17,13,0,1
10483,162925,0,0,0,1
10492,148960,0,0,0,1
10493,209475,0,0,0,1
10494,148960,0,0,0,1
10496,349125,0,0,0,1
10499,465500,0,0,0,1
10500,144305,0,0,0,1
10501,470155,0,0,0,1
10502,228095,0,0,0,1
10503,288610,0,0,0,1
10504,148960,0,0,0,1
10506,204817,3,0,0,1
10508,256024,1,0,0,1
10509,162925,0,0,0,1
10510,144305,0,0,0,1
10511,134995,0,0,0,1
10512,246715,0,0,0,1
10513,265334,1,0,0,1
10515,642390,0,0,0,1
10521,153615,0,0,0,1
10522,367745,0,0,0,1
10523,228095,0,0,0,1
10524,609805,0,0,0,1
10525,246685,17,13,0,1
10526,153615,0,0,0,1
10527,256025,0,0,0,1
10529,148960,0,0,0,1
10530,283847,108,0,0,1
10531,283955,0,0,0,1
10532,391019,1,0,0,1
10533,232750,0,0,0,1
10535,214130,0,0,0,1
10536,702905,0,0,0,1
10537,256024,1,0,0,1
10540,484119,1,0,0,1
10541,172232,3,0,0,1
10542,181545,0,0,0,1
10545,363090,0,0,0,1
10548,148960,0,0,0,1
10550,451535,0,0,0,1
10551,456190,0,0,0,1
10552,218785,0,0,0,1
10553,148960,0,0,0,1
10554,782037,3,0,0,1
10555,279300,0,0,0,1
10556,242060,0,0,0,1
10558,228095,0,0,0,1
10559,451535,0,0,0,1
10560,418949,1,0,0,1
10563,130340,0,0,0,1
10564,321195,0,0,0,1
10566,321195,0,0,0,1
10567,265334,1,0,0,1
10568,493430,0,0,0,1
10569,456190,0,0,0,1
10570,321195,0,0,0,1
10571,228095,0,0,0,1
10572,288610,0,0,0,1
10575,204789,18,13,0,1
10576,758765,0,0,0,1
10577,335160,0,0,0,1
10578,232750,0,0,0,1
10579,321195,0,0,0,1
10580,1038062,3,0,0,1
10581,167577,3,0,0,1
10582,442220,5,0,0,1
10584,516704,1,0,0,1
10585,256025,0,0,0,1
10586,148960,0,0,0,1
10587,446880,0,0,0,1
10595,330505,0,0,0,1
10596,265304,18,13,0,1
10597,456190,0,0,0,1
10598,488775,0,0,0,1
10599,363090,0,0,0,1
10600,172235,0,0,0,1
10602,176890,0,0,0,1
10603,386365,0,0,0,1
10606,349125,0,0,0,1
10607,335160,0,0,0,1
10608,251369,1,0,0,1
10609,232750,0,0,0,1
10611,288610,0,0,0,1
10612,144305,0,0,0,1
10613,353780,0,0,0,1
10614,167577,3,0,0,1
10618,260679,1,0,0,1
10619,186200,0,0,0,1
10621,162925,0,0,0,1
10623,437570,0,0,0,1
10624,232750,0,0,0,1
10625,456190,0,0,0,1
10626,237405,0,0,0,1
10628,228095,0,0,0,1
10629,460845,0,0,0,1
10630,339815,0,0,0,1
10632,353780,0,0,0,1
10633,349125,0,0,0,1
10634,297920,0,0,0,1
10635,228095,0,0,0,1
10636,256024,1,0,0,1
10639,228094,1,0,0,1
10640,209474,1,0,0,1
10641,167580,0,0,0,1
10642,274645,0,0,0,1
10643,228094,1,0,0,1
10645,153615,0,0,0,1
10646,274645,0,0,0,1
10647,758762,3,0,0,1
10649,493429,1,0,0,1
10651,395675,0,0,0,1
10652,321195,0,0,0,1
10653,358435,0,0,0,1
10654,260650,17,13,0,1
10662,353780,0,0,0,1
10663,428259,1,0,0,1
10664,255994,18,13,0,1
10665,418950,0,0,0,1
10667,1038062,3,0,0,1
10670,148960,0,0,0,1
10671,139650,0,0,0,1
10672,744800,0,0,0,1
10673,148960,0,0,0,1
10674,321195,0,0,0,1
10675,1079957,3,0,0,1
10676,232750,0,0,0,1
10677,474810,0,0,0,1
10678,442225,0,0,0,1
10679,484120,0,0,0,1
10680,768072,3,0,0,1
10681,176890,0,0,0,1
10682,172235,0,0,0,1
10683,470155,0,0,0,1
10684,228095,0,0,0,1
10685,265335,0,0,0,1
10689,269989,1,0,0,1
10690,172232,3,0,0,1
10691,148960,0,0,0,1
10692,288610,0,0,0,1
10694,1014787,3,0,0,1
10695,176890,0,0,0,1
10696,283954,1,0,0,1
10698,693595,0,0,0,1
10699,321195,0,0,0,1
10701,251340,17,13,0,1
10702,996167,3,0,0,1
10703,228095,0,0,0,1
10704,470155,0,0,0,1
10708,777382,3,0,0,1
10709,283955,0,0,0,1
10710,446880,0,0,0,1
10712,507394,1,0,0,1
10713,493425,5,0,0,1
10714,349125,0,0,0,1
10716,167580,0,0,0,1
10717,246715,0,0,0,1
10718,288610,0,0,0,1
10721,255995,17,13,0,1
10722,353780,0,0,0,1
10723,176890,0,0,0,1
10724,158270,0,0,0,1
10725,358435,0,0,0,1
10726,223440,0,0,0,1
10727,228095,0,0,0,1
10728,274645,0,0,0,1
10729,404984,1,0,0,1
10730,214130,0,0,0,1
10731,316540,0,0,0,1
10733,172235,0,0,0,1
10734,409610,17,13,0,1
10735,139650,0,0,0,1
10736,148960,0,0,0,1
10738,283955,0,0,0,1
10739,148960,0,0,0,1
10741,432915,0,0,0,1
10742,260679,1,0,0,1
10743,358435,0,0,0,1
10745,349125,0,0,0,1
10746,144305,0,0,0,1
10747,507394,1,0,0,1
10748,256024,1,0,0,1
10749,167577,3,0,0,1
10750,288610,0,0,0,1
10752,148960,0,0,0,1
10753,144305,0,0,0,1
10754,190855,0,0,0,1
10756,349125,0,0,0,1
10758,297920,0,0,0,1
10759,768072,3,0,0,1
10760,148960,0,0,0,1
10761,204820,0,0,0,1
10762,349125,0,0,0,1
10763,279300,0,0,0,1
10764,144305,0,0,0,1
10765,716870,0,0,0,1
10766,302575,0,0,0,1
10767,293265,0,0,0,1
10768,148960,0,0,0,1
10769,237404,1,0,0,1
10770,782037,3,0,0,1
10771,269956,21,13,0,1
10772,228095,0,0,0,1
10773,479465,0,0,0,1
10774,363090,0,0,0,1
10775,148960,0,0,0,1
10776,418920,17,13,0,1
10777,521359,1,0,0,1
10778,744800,0,0,0,1
10779,335160,0,0,0,1
10780,297920,0,0,0,1
10781,279300,0,0,0,1
10782,251340,17,13,0,1
10783,139650,0,0,0,1
10784,507394,1,0,0,1
10785,297920,0,0,0,1
10786,232750,0,0,0,1
10787,423605,0,0,0,1
10788,493430,0,0,0,1
10794,1061337,3,0,0,1
10795,1052027,3,0,0,1
10796,251340,17,13,0,1
10798,279300,0,0,0,1
10799,311885,0,0,0,1
10800,228095,0,0,0,1
10801,777382,3,0,0,1
10802,148960,0,0,0,1
10804,279299,1,0,0,1
10805,288610,0,0,0,1
10806,367745,0,0,0,1
10807,349125,0,0,0,1
10808,507394,1,0,0,1
10809,446880,0,0,0,1
10811,432915,0,0,0,1
10812,288610,0,0,0,1
10813,353780,0,0,0,1
10815,172235,0,0,0,1
10816,460845,0,0,0,1
10817,260680,0,0,0,1
10819,358435,0,0,0,1
10821,237375,17,13,0,1
10823,256025,0,0,0,1
10824,414265,17,13,0,1
10826,339815,0,0,0,1
10827,158267,3,0,0,1
10828,265335,0,0,0,1
10829,265331,4,0,0,1
10830,148960,0,0,0,1
10831,228095,0,0,0,1
10832,512049,1,0,0,1
10833,493429,1,0,0,1
10834,428260,0,0,0,1
10835,181545,0,0,0,1
10836,456190,0,0,0,1
10837,339815,0,0,0,1
10840,242060,0,0,0,1
10841,139650,0,0,0,1
10842,1052026,4,0,0,1
10843,167577,3,0,0,1
10845,237404,1,0,0,1
10846,232750,0,0,0,1
10855,311885,0,0,0,1
10856,176890,0,0,0,1
10857,512049,1,0,0,1
10867,363090,0,0,0,1
10868,758762,3,0,0,1
10869,1070647,3,0,0,1
10870,158270,0,0,0,1
10879,372400,0,0,0,1
10880,293264,1,0,0,1
10881,493430,0,0,0,1
10882,251370,0,0,0,1
10883,512049,1,0,0,1
10885,260679,1,0,0,1
10886,181545,0,0,0,1
10889,195510,0,0,0,1
10891,232750,0,0,0,1
10892,186200,0,0,0,1
10893,274645,0,0,0,1
10894,456190,0,0,0,1
10895,479465,0,0,0,1
10896,791347,3,0,0,1
10897,269960,17,13,0,1
10898,768072,3,0,0,1
10899,223440,0,0,0,1
10901,283955,0,0,0,1
10903,344470,0,0,0,1
10905,437569,1,0,0,1
10907,297920,0,0,0,1
10908,269990,0,0,0,1
10909,735487,3,0,0,1
10911,256024,1,0,0,1
10913,800657,3,0,0,1
10914,256024,1,0,0,1
10916,498084,1,0,0,1
10917,395565,110,0,0,1
10920,777382,3,0,0,1
10923,148960,0,0,0,1
10924,428255,5,0,0,1
10925,153615,0,0,0,1
10927,321195,0,0,0,1
10928,223440,0,0,0,1
10929,144305,0,0,0,1
10930,335160,0,0,0,1
10931,400330,0,0,0,1
10932,148960,0,0,0,1
10933,437570,0,0,0,1
10934,251340,17,13,0,1
10935,353780,0,0,0,1
10937,223440,0,0,0,1
10938,344470,0,0,0,1
10939,335160,0,0,0,1
10940,255995,17,13,0,1
10941,339815,0,0,0,1
10944,754110,0,0,0,1
10945,432915,0,0,0,1
10947,283955,0,0,0,1
10948,237405,0,0,0,1
10949,279300,0,0,0,1
10950,749455,0,0,0,1
10951,256025,0,0,0,1
10953,232750,0,0,0,1
10954,432914,1,0,0,1
10955,307230,0,0,0,1
10956,228095,0,0,0,1
10959,456190,0,0,0,1
10960,325850,0,0,0,1
11048,255995,17,13,0,1
11068,446880,0,0,0,1
11069,176890,0,0,0,1
11070,162922,3,0,0,1
11090,218785,0,0,0,1
11091,148960,0,0,0,1
11092,256024,1,0,0,1
11093,279300,0,0,0,1
11094,246715,0,0,0,1
11096,400329,1,0,0,1
11097,181545,0,0,0,1
11098,460842,3,0,0,1
11101,172235,0,0,0,1
11102,777382,3,0,0,1
11103,242060,0,0,0,1
11129,418949,1,0,0,1
11130,507390,5,0,0,1
11133,758762,3,0,0,1
11134,181545,0,0,0,1
11135,367635,110,0,0,1
11136,144305,0,0,0,1
11137,442225,0,0,0,1
11139,423605,0,0,0,1
11140,148960,0,0,0,1
11141,153615,0,0,0,1
11150,195510,0,0,0,1
11151,256024,1,0,0,1
11153,256025,0,0,0,1
11155,446879,1,0,0,1
11156,176890,0,0,0,1
11163,232750,0,0,0,1
11164,260650,17,13,0,1
11165,148960,0,0,0,1
11166,1107886,4,0,0,1
11167,260679,1,0,0,1
11168,167577,3,0,0,1
11169,251370,0,0,0,1
11170,432914,1,0,0,1
11171,223440,0,0,0,1
11172,283955,0,0,0,1
11173,144305,0,0,0,1
11174,200164,1,0,0,1
11175,321195,0,0,0,1
11176,512049,1,0,0,1
11177,442225,0,0,0,1
11178,507394,1,0,0,1
11179,237405,0,0,0,1
11180,446880,0,0,0,1
11181,498084,1,0,0,1
11182,344470,0,0,0,1
11183,232750,0,0,0,1
11184,409640,0,0,0,1
11186,344470,0,0,0,1
11187,344470,0,0,0,1
11188,246715,0,0,0,1
11197,251369,1,0,0,1
11199,307230,0,0,0,1
11201,260680,0,0,0,1
11202,228095,0,0,0,1
11205,218785,0,0,0,1
11206,246685,17,13,0,1
11209,344470,0,0,0,1
11210,134995,0,0,0,1
11211,256025,0,0,0,1
11212,274642,3,0,0,1
11214,1038062,3,0,0,1
11215,148960,0,0,0,1
11216,460845,0,0,0,1
11224,344470,0,0,0,1
11225,279299,1,0,0,1
11226,228065,17,13,0,1
11227,521360,0,0,0,1
11228,283955,0,0,0,1
11229,349125,0,0,0,1
11231,200165,0,0,0,1
11232,498084,1,0,0,1
11233,232750,0,0,0,1
11234,763417,3,0,0,1
11237,786692,3,0,0,1
11238,228095,0,0,0,1
11239,228095,0,0,0,1
11240,242060,0,0,0,1
11241,181545,0,0,0,1
11242,1084612,3,0,0,1
11243,167580,0,0,0,1
11244,265334,1,0,0,1
11245,260680,0,0,0,1
11246,269990,0,0,0,1
11248,283955,0,0,0,1
11249,437570,0,0,0,1
11250,228095,0,0,0,1
11251,316540,0,0,0,1
11253,158270,0,0,0,1
11256,763417,3,0,0,1
11257,451535,0,0,0,1
11258,344470,0,0,0,1
11259,1089267,3,0,0,1
11260,330505,0,0,0,1
11261,400220,110,0,0,1
11262,325850,0,0,0,1
11263,470155,0,0,0,1
11264,256024,1,0,0,1
11265,325850,0,0,0,1
11266,325850,0,0,0,1
11267,358435,0,0,0,1
11269,148960,0,0,0,1
11270,256024,1,0,0,1
11271,232750,0,0,0,1
11272,423605,0,0,0,1
11274,702905,0,0,0,1
11275,521359,1,0,0,1
11278,246685,17,13,0,1
11279,218785,0,0,0,1
11280,628425,0,0,0,1
11282,158270,0,0,0,1
11284,428258,2,0,0,1
11285,214127,3,0,0,1
11287,335160,0,0,0,1
11288,237405,0,0,0,1
11290,335160,0,0,0,1
11292,228095,0,0,0,1
11293,153615,0,0,0,1
11295,507394,1,0,0,1
11298,186200,0,0,0,1
11299,288610,0,0,0,1
11300,144305,0,0,0,1
11321,758762,3,0,0,1
11322,167577,3,0,0,1
11324,232719,18,13,0,1
11325,246685,17,13,0,1
11327,437570,0,0,0,1
11328,134995,0,0,0,1
11329,218785,0,0,0,1
11331,260646,21,13,0,1
11332,265332,3,0,0,1
11333,502739,1,0,0,1
11335,232750,0,0,0,1
11336,460845,0,0,0,1
11339,237405,0,0,0,1
11347,251370,0,0,0,1
11349,232720,17,13,0,1
11350,158270,0,0,0,1
11351,283955,0,0,0,1
11352,358435,0,0,0,1
11353,707560,0,0,0,1
11354,172232,3,0,0,1
11355,246711,4,0,0,1
11356,256024,1,0,0,1
11357,321195,0,0,0,1
11359,228095,0,0,0,1
11360,228095,0,0,0,1
11361,237405,0,0,0,1
11369,237375,17,13,0,1
11377,456190,0,0,0,1
11379,279300,0,0,0,1
11387,148960,0,0,0,1
11388,242060,0,0,0,1
11389,195510,0,0,0,1
11390,353780,0,0,0,1
11391,414294,1,0,0,1
11392,269990,0,0,0,1
11394,456190,0,0,0,1
11395,437569,1,0,0,1
11396,1005477,3,0,0,1
11397,288609,1,0,0,1
11399,139650,0,0,0,1
11400,460845,0,0,0,1
11402,307230,0,0,0,1
11403,293265,0,0,0,1
11407,256025,0,0,0,1
11408,148960,0,0,0,1
11409,772727,3,0,0,1
11411,316540,0,0,0,1
11412,228095,0,0,0,1
11414,335160,0,0,0,1
11415,325850,0,0,0,1
11417,228095,0,0,0,1
11418,307230,0,0,0,1
11419,181545,0,0,0,1
11420,256024,1,0,0,1
11421,446880,0,0,0,1
11422,288610,0,0,0,1
11424,293265,0,0,0,1
11425,432915,0,0,0,1
11426,283955,0,0,0,1
11427,148960,0,0,0,1
11428,255995,17,13,0,1
11429,144305,0,0,0,1
11430,246715,0,0,0,1
11431,302572,3,0,0,1
11432,125685,0,0,0,1
11437,246715,0,0,0,1
11438,349125,0,0,0,1
11439,437570,0,0,0,1
11442,172235,0,0,0,1
11443,507394,1,0,0,1
11444,423605,0,0,0,1
11445,335160,0,0,0,1
11449,367745,0,0,0,1
11451,288610,0,0,0,1
11454,344470,0,0,0,1
11455,656355,0,0,0,1
11456,246712,3,0,0,1
11457,223440,0,0,0,1
11459,237405,0,0,0,1
11460,237404,1,0,0,1
11461,316540,0,0,0,1
11462,1010132,3,0,0,1
11463,246715,0,0,0,1
11464,228095,0,0,0,1
11465,437570,0,0,0,1
11466,1052027,3,0,0,1
11467,260650,17,13,0,1
11468,451532,3,0,0,1
11469,325850,0,0,0,1
11470,237405,0,0,0,1
11472,237405,0,0,0,1
11473,619115,0,0,0,1
11475,139650,0,0,0,1
11476,474810,0,0,0,1
11477,218785,0,0,0,1
11479,144305,0,0,0,1
11480,288610,0,0,0,1
11481,744797,3,0,0,1
11482,460845,0,0,0,1
11484,311885,0,0,0,1
11485,451535,0,0,0,1
11486,144305,0,0,0,1
11487,228095,0,0,0,1
11488,274644,1,0,0,1
11489,395674,1,0,0,1
11490,763417,3,0,0,1
11491,460845,0,0,0,1
11492,367745,0,0,0,1
11493,232750,0,0,0,1
11494,749452,3,0,0,1
11495,1075302,3,0,0,1
11498,265335,0,0,0,1
11499,232750,0,0,0,1
11500,232750,0,0,0,1
11501,283955,0,0,0,1
11502,428259,1,0,0,1
11503,311885,0,0,0,1
11504,521359,1,0,0,1
11505,404875,110,0,0,1
11506,437570,0,0,0,1
11507,423605,0,0,0,1
11509,288610,0,0,0,1
11510,265334,1,0,0,1
11511,204820,0,0,0,1
11515,414295,0,0,0,1
11516,442225,0,0,0,1
11517,200165,0,0,0,1
11518,758762,3,0,0,1
11519,130340,0,0,0,1
11520,256025,0,0,0,1
11522,414294,1,0,0,1
11524,279299,1,0,0,1
11525,158270,0,0,0,1
11526,288610,0,0,0,1
11527,479465,0,0,0,1
11529,246685,17,13,0,1
11531,195510,0,0,0,1
11533,344470,0,0,0,1
11535,242060,0,0,0,1
11536,228095,0,0,0,1
11537,442224,1,0,0,1
11540,465500,0,0,0,1
11542,391020,0,0,0,1
11543,498085,0,0,0,1
11544,335160,0,0,0,1
11546,796002,3,0,0,1
11548,148960,0,0,0,1
11549,251370,0,0,0,1
11551,181545,0,0,0,1
11552,446880,0,0,0,1
11553,777382,3,0,0,1
11555,1014787,3,0,0,1
11556,228095,0,0,0,1
11557,335160,0,0,0,1
11558,674975,0,0,0,1
11559,432915,0,0,0,1
11561,148960,0,0,0,1
11562,442224,1,0,0,1
11564,148960,0,0,0,1
11565,148960,0,0,0,1
11573,288609,1,0,0,1
11574,148960,0,0,0,1
11577,358435,0,0,0,1
11579,442225,0,0,0,1
11584,358435,0,0,0,1
11585,772727,3,0,0,1
11587,451535,0,0,0,1
11589,437570,0,0,0,1
11591,232750,0,0,0,1
11592,228095,0,0,0,1
11593,479465,0,0,0,1
11595,1112545,0,0,0,1
11598,344470,0,0,0,1
11603,335160,0,0,0,1
11611,442194,18,13,0,1
11612,256025,0,0,0,1
11614,404984,1,0,0,1
11615,479465,0,0,0,1
11616,423604,1,0,0,1
11618,442225,0,0,0,1
11619,446880,0,0,0,1
11621,279300,0,0,0,1
11622,512050,0,0,0,1
11631,465500,0,0,0,1
11635,218785,0,0,0,1
11636,428260,0,0,0,1
11637,437570,0,0,0,1
11638,223440,0,0,0,1
11639,274644,1,0,0,1
11640,414294,1,0,0,1
11656,423574,18,13,0,1
11657,451535,0,0,0,1
11658,418949,1,0,0,1
11659,344470,0,0,0,1
11660,349125,0,0,0,1
11662,772727,3,0,0,1
11663,665664,1,0,0,1
11667,684284,1,0,0,1
11668,279300,0,0,0,1
11669,339815,0,0,0,1
11670,400299,18,13,0,1
11672,409609,18,13,0,1
11674,404984,1,0,0,1
11675,418949,1,0,0,1
11676,363090,0,0,0,1
11677,1005480,0,0,0,1
11678,456189,1,0,0,1
11679,465500,0,0,0,1
11680,479465,0,0,0,1
11681,684285,0,0,0,1
11682,330503,2,0,0,1
11684,414264,18,13,0,1
11685,395674,1,0,0,1
11687,349125,0,0,0,1
11688,395644,18,13,0,1
11690,400299,18,13,0,1
11691,288610,0,0,0,1
11693,414264,18,13,0,1
11694,782037,3,0,0,1
11695,432914,1,0,0,1
11696,404954,18,13,0,1
11697,251369,1,0,0,1
11699,409609,18,13,0,1
11700,269959,18,13,0,1
11701,349125,0,0,0,1
11702,1200987,3,0,0,1
11703,446879,1,0,0,1
11705,279300,0,0,0,1
11708,353780,0,0,0,1
11709,763417,3,0,0,1
11710,651699,1,0,0,1
11715,423604,1,0,0,1
11716,256025,0,0,0,1
11717,437569,1,0,0,1
11719,428260,0,0,0,1
11720,451535,0,0,0,1
11723,302544,18,13,0,1
11732,274645,0,0,0,1
11733,428229,18,13,0,1
11735,409530,110,0,0,1
11736,437569,1,0,0,1
11737,349125,0,0,0,1
11738,688939,1,0,0,1
11739,437539,18,13,0,1
11740,400329,1,0,0,1
11749,507395,0,0,0,1
11750,404954,18,13,0,1
11752,265334,1,0,0,1
11753,772727,3,0,0,1
11755,432915,0,0,0,1
11756,474810,0,0,0,1
11757,377054,1,0,0,1
11758,335160,0,0,0,1
11766,656354,1,0,0,1
11768,456190,0,0,0,1
11769,335160,0,0,0,1
11770,465500,0,0,0,1
11771,400329,1,0,0,1
11773,451504,18,13,0,1
11774,567910,0,0,0,1
11775,451535,0,0,0,1
11777,335160,0,0,0,1
11779,488775,0,0,0,1
11780,321195,0,0,0,1
11783,246715,0,0,0,1
11784,465500,0,0,0,1
11786,256024,1,0,0,1
11787,353780,0,0,0,1
11789,456190,0,0,0,1
11790,418949,1,0,0,1
11791,479465,0,0,0,1
11792,283955,0,0,0,1
11793,470155,0,0,0,1
11794,474810,0,0,0,1
11796,395644,18,13,0,1
11797,465496,4,0,0,1
11798,460845,0,0,0,1
11802,470155,0,0,0,1
11804,274645,0,0,0,1
11805,349125,0,0,0,1
11806,1065992,3,0,0,1
11808,274614,18,13,0,1
11810,1117200,0,0,0,1
11811,256024,1,0,0,1
11813,339815,0,0,0,1
11814,437570,0,0,0,1
11815,414264,18,13,0,1
11824,321195,0,0,0,1
11825,502740,0,0,0,1
11826,465497,3,0,0,1
11829,255994,18,13,0,1
11832,446879,1,0,0,1
11833,595840,0,0,0,1
11834,363090,0,0,0,1
11835,232749,1,0,0,1
11836,465499,1,0,0,1
11837,409609,18,13,0,1
11838,688940,0,0,0,1
11840,605150,0,0,0,1
11841,395644,18,13,0,1
11842,437569,1,0,0,1
11843,661009,1,0,0,1
11846,1084612,3,0,0,1
11847,484120,0,0,0,1
11848,614460,0,0,0,1
11849,437570,0,0,0,1
11851,246714,1,0,0,1
11854,428229,18,13,0,1
11855,414291,4,0,0,1
11856,307230,0,0,0,1
11857,349125,0,0,0,1
11858,246714,1,0,0,1
11859,321195,0,0,0,1
11860,335160,0,0,0,1
11861,442225,0,0,0,1
11862,265335,0,0,0,1
11863,423604,1,0,0,1
11866,293265,0,0,0,1
11868,647044,0,1,0,1
11870,237404,1,0,0,1
11887,479465,0,0,0,1
11888,539980,0,0,0,1
11889,339815,0,0,0,1
11890,688939,1,0,0,1
11891,246715,0,0,0,1
11892,1079957,3,0,0,1
11893,577219,1,0,0,1
11894,242060,0,0,0,1
11896,339815,0,0,0,1
11897,470151,4,0,0,1
11898,614460,0,0,0,1
11899,572564,1,0,0,1
11900,502740,0,0,0,1
11902,288610,0,0,0,1
11904,237405,0,0,0,1
11905,269990,0,0,0,1
11906,1079957,3,0,0,1
11907,330505,0,0,0,1
11908,442225,0,0,0,1
11910,474807,3,0,0,1
11911,311885,0,0,0,1
11912,428259,1,0,0,1
11913,302575,0,0,0,1
11914,260650,17,13,0,1
11915,279300,0,0,0,1
11916,256025,0,0,0,1
11919,428230,17,13,0,1
11920,293265,0,0,0,1
11921,474810,0,0,0,1
11924,204817,3,0,0,1
11925,1075302,3,0,0,1
11926,451534,1,0,0,1
11927,428230,17,13,0,1
9379,172558,0,0,0,1
9678,299706,0,0,0,1
9810,118066,0,0,0,1
10068,208885,1,0,0,1
10417,286083,0,0,0,1
10472,776510,1,0,0,1
10518,781042,10,0,0,1
10648,213426,1,0,0,1
10732,217968,0,0,0,1
10890,168017,0,0,0,1
10962,72656,0,0,0,1
11089,122607,0,0,0,1
11138,753805,1,0,0,1
11446,840075,10,0,0,1
11588,349655,2,0,0,1
11909,345114,2,0,0,1
9384,123368,0,0,0,1
9395,59481,0,0,0,1
9445,99135,0,0,0,1
9448,99135,0,0,0,1
9489,213691,0,0,0,1
9594,30842,0,0,0,1
9627,154210,0,0,0,1
9637,147601,0,0,0,1
9640,163022,0,0,0,1
9658,125571,0,0,0,1
9672,83714,0,0,0,1
9691,33045,0,0,0,1
9710,156410,3,0,0,1
9722,136585,1,0,0,1
9730,160818,1,0,0,1
9742,149804,0,0,0,1
9743,163022,0,0,0,1
9814,85917,0,0,0,1
9818,127774,0,0,0,1
9819,193864,0,0,0,1
9828,189458,0,0,0,1
9835,37451,0,0,0,1
9852,220300,0,0,0,1
9857,55075,0,0,0,1
9868,207082,0,0,0,1
9869,233517,0,1,0,1
9870,94729,0,0,0,1
9874,123368,0,0,0,1
9875,235720,0,1,0,1
9881,215894,0,0,0,1
9896,237923,0,1,0,1
9901,233517,0,1,0,1
9911,30842,0,0,0,1
9916,209285,0,0,0,1
9929,55075,0,0,0,1
9975,55075,0,0,0,1
9982,35248,0,0,0,1
9995,125571,0,0,0,1
10030,118962,0,0,0,1
10032,178443,0,0,0,1
10061,233517,0,1,0,1
10062,145398,0,0,0,1
10069,204879,0,0,0,1
10071,55075,0,0,0,1
10073,213691,0,0,0,1
10188,125571,0,0,0,1
10197,145398,0,0,0,1
10223,127774,0,0,0,1
10253,129977,0,0,0,1
10288,196067,0,0,0,1
10298,99135,0,0,0,1
10312,99135,0,0,0,1
10313,123368,0,0,0,1
10331,59481,0,0,0,1
10366,218097,0,0,0,1
10372,94729,0,0,0,1
10403,77105,0,0,0,1
10409,233517,0,1,0,1
10410,30842,0,0,0,1
10411,121165,0,0,0,1
10412,123368,0,0,0,1
10422,156410,3,0,0,1
10428,125571,0,0,0,1
10433,37451,0,0,0,1
10461,156410,3,0,0,1
10468,66090,0,0,0,1
10470,147601,0,0,0,1
10473,235720,0,1,0,1
10479,169631,0,0,0,1
10484,55075,0,0,0,1
10497,138788,1,0,0,1
10498,127774,0,0,0,1
10505,156413,0,0,0,1
10520,233517,0,1,0,1
10543,187255,0,0,0,1
10546,215894,0,0,0,1
10565,88120,0,0,0,1
10574,220300,0,0,0,1
10583,118962,0,0,0,1
10610,57278,0,0,0,1
10616,41857,0,0,0,1
10622,207082,0,0,0,1
10631,143195,0,0,0,1
10638,83714,0,0,0,1
10666,55075,0,0,0,1
10668,200473,0,0,0,1
10669,99135,0,0,0,1
10687,55075,0,0,0,1
10700,121165,0,0,0,1
10706,196067,0,0,0,1
10715,55075,0,0,0,1
10737,55075,0,0,0,1
10740,154210,0,0,0,1
10744,55075,0,0,0,1
10755,127774,0,0,0,1
10790,94729,0,0,0,1
10791,96932,0,0,0,1
10793,55075,0,0,0,1
10822,207082,0,0,0,1
10825,143195,0,0,0,1
10838,55075,0,0,0,1
10871,213691,0,0,0,1
10884,59481,0,0,0,1
10900,202676,0,0,0,1
10902,204879,0,0,0,1
10919,123368,0,0,0,1
10943,90323,0,0,0,1
10957,77105,0,0,0,1
10961,125571,0,0,0,1
11236,149804,0,0,0,1
11255,123368,0,0,0,1
11283,129977,0,0,0,1
11286,235720,0,1,0,1
11291,55075,0,0,0,1
11294,123368,0,0,0,1
11338,127774,0,0,0,1
11348,125571,0,0,0,1
11393,99135,0,0,0,1
11406,35248,0,0,0,1
11413,235720,0,1,0,1
11416,90323,0,0,0,1
11434,207082,0,0,0,1
11440,55075,0,0,0,1
11441,35248,0,0,0,1
11448,79308,0,0,0,1
11452,235720,0,1,0,1
11471,88120,0,0,0,1
11474,55075,0,0,0,1
11478,154210,0,0,0,1
11496,202676,0,0,0,1
11532,154210,0,0,0,1
11534,99135,0,0,0,1
11576,138789,0,0,0,1
11578,41857,0,0,0,1
11581,57278,0,0,0,1
11590,74902,0,0,0,1
11597,136586,0,0,0,1
11613,57278,0,0,0,1
11617,163022,0,0,0,1
11620,171833,1,0,0,1
11623,57278,0,0,0,1
11634,231315,0,0,0,1
11661,193864,0,0,0,1
11665,132180,0,0,0,1
11686,174036,1,0,0,1
11692,57278,0,0,0,1
11706,244532,0,1,0,1
11711,55075,0,0,0,1
11721,224706,0,0,0,1
11754,57278,0,0,0,1
11776,136586,0,0,0,1
11781,136586,0,0,0,1
11799,132180,0,0,0,1
11809,211488,0,0,0,1
11816,138789,0,0,0,1
11831,207082,0,0,0,1
11839,240127,0,0,0,1
11867,57278,0,0,0,1
11871,156410,3,0,0,1
11903,136585,1,0,0,1
11923,85917,0,0,0,1
9397,205424,0,0,0,1
9405,183216,0,0,0,1
9407,138798,2,0,0,1
9412,174888,0,0,0,1
9415,183216,0,0,0,1
9447,91608,0,0,0,1
9456,158232,0,0,0,1
9457,147128,0,0,0,1
9470,183216,0,0,0,1
9472,147128,0,0,0,1
9474,344224,0,0,0,1
9485,194320,0,0,0,1
9533,174888,0,0,0,1
9535,172112,0,0,0,1
9582,183216,0,0,0,1
9607,369208,0,0,0,1
9620,138800,0,0,0,1
9621,272048,0,0,0,1
9622,191544,0,0,0,1
9624,141576,0,0,0,1
9633,199872,0,0,0,1
9635,205424,0,0,0,1
9642,127695,1,0,0,1
9656,80504,0,0,0,1
9659,255392,0,0,0,1
9663,194320,0,0,0,1
9664,183210,6,0,0,1
9665,144352,0,0,0,1
9667,166560,0,0,0,1
9680,166559,1,0,0,1
9686,188768,0,0,0,1
9687,169336,0,0,0,1
9694,208200,0,0,0,1
9709,124920,0,0,0,1
9719,197096,0,0,0,1
9724,163784,0,0,0,1
9738,180440,0,0,0,1
9745,252616,0,0,0,1
9790,194319,1,0,0,1
9795,197096,0,0,0,1
9821,191543,1,0,0,1
9824,188768,0,0,0,1
9855,199872,0,0,0,1
9888,366432,0,0,0,1
9891,38864,0,0,0,1
9903,130472,0,0,0,1
9930,122144,0,0,0,1
9943,363654,2,0,0,1
9946,147128,0,0,0,1
9961,177664,0,0,0,1
9963,277600,0,0,0,1
9967,335896,0,0,0,1
9976,133247,1,0,0,1
9978,80504,0,0,0,1
9983,136024,0,0,0,1
9996,197096,0,0,0,1
10003,185986,6,0,0,1
10005,127696,0,0,0,1
10057,147128,0,0,0,1
10075,113816,0,0,0,1
10077,174887,1,0,0,1
10100,144352,0,0,0,1
10101,49968,0,0,0,1
10138,152680,0,0,0,1
10140,152680,0,0,0,1
10143,199872,0,0,0,1
10145,108264,0,0,0,1
10146,183216,0,0,0,1
10147,152680,0,0,0,1
10156,194320,0,0,0,1
10158,152680,0,0,0,1
10171,172112,0,0,0,1
10180,205424,0,0,0,1
10181,177664,0,0,0,1
10193,371984,0,0,0,1
10194,172112,0,0,0,1
10207,291479,1,0,0,1
10209,194320,0,0,0,1
10224,147128,0,0,0,1
10230,102712,0,0,0,1
10236,166560,0,0,0,1
10241,210976,0,0,0,1
10243,133248,0,0,0,1
10265,477472,0,0,0,1
10299,194320,0,0,0,1
10302,197096,0,0,0,1
10325,197096,0,0,0,1
10327,124920,0,0,0,1
10328,169336,0,0,0,1
10332,99936,0,0,0,1
10336,177664,0,0,0,1
10348,180440,0,0,0,1
10362,172112,0,0,0,1
10398,172112,0,0,0,1
10400,80504,0,0,0,1
10402,185991,1,0,0,1
10405,197096,0,0,0,1
10495,169335,1,0,0,1
10507,177664,0,0,0,1
10514,99935,1,0,0,1
10516,166560,0,0,0,1
10517,102712,0,0,0,1
10519,194320,0,0,0,1
10528,88832,0,0,0,1
10538,99935,1,0,0,1
10539,80504,0,0,0,1
10547,188768,0,0,0,1
10549,197096,0,0,0,1
10557,113816,0,0,0,1
10562,169336,0,0,0,1
10573,194320,0,0,0,1
10604,174887,1,0,0,1
10605,80504,0,0,0,1
10615,177664,0,0,0,1
10617,127696,0,0,0,1
10637,233184,0,0,0,1
10686,138800,0,0,0,1
10693,366430,2,0,0,1
10697,169336,0,0,0,1
10705,205424,0,0,0,1
10707,210976,0,0,0,1
10719,97160,0,0,0,1
10757,130472,0,0,0,1
10792,324792,0,0,0,1
10797,80504,0,0,0,1
10818,185992,0,0,0,1
10839,161008,0,0,0,1
10847,136024,0,0,0,1
10887,177664,0,0,0,1
10904,169336,0,0,0,1
10912,155456,0,0,0,1
10915,172111,1,0,0,1
10921,155456,0,0,0,1
10922,202648,0,0,0,1
10926,208200,0,0,0,1
10946,322014,2,0,0,1
10952,86056,0,0,0,1
11099,138800,0,0,0,1
11131,180440,0,0,0,1
11132,88832,0,0,0,1
11185,455264,0,0,0,1
11200,241512,0,0,0,1
11207,210976,0,0,0,1
11213,138800,0,0,0,1
11230,163784,0,0,0,1
11247,133248,0,0,0,1
11268,149904,0,0,0,1
11276,163784,0,0,0,1
11296,435831,1,0,0,1
11358,99935,1,0,0,1
11378,116592,0,0,0,1
11398,285928,0,0,0,1
11401,166560,0,0,0,1
11405,288703,1,0,0,1
11410,99935,1,0,0,1
11435,41640,0,0,0,1
11447,127696,0,0,0,1
11453,435831,1,0,0,1
11458,172112,0,0,0,1
11483,102711,1,0,0,1
11513,435831,1,0,0,1
11514,188767,1,0,0,1
11521,158232,0,0,0,1
11523,366430,2,0,0,1
11528,183216,0,0,0,1
11538,99935,1,0,0,1
11550,194320,0,0,0,1
11554,138800,0,0,0,1
11575,183216,0,0,0,1
11583,272047,1,0,0,1
11586,158232,0,0,0,1
11596,172111,1,0,0,1
11599,155456,0,0,0,1
11632,177664,0,0,0,1
11633,163784,0,0,0,1
11664,191544,0,0,0,1
11666,269266,6,0,0,1
11673,133248,0,0,0,1
11683,155456,0,0,0,1
11689,152680,0,0,0,1
11698,138800,0,0,0,1
11704,324792,0,0,0,1
11718,191544,0,0,0,1
11731,147127,1,0,0,1
11734,161008,0,0,0,1
11741,180439,1,0,0,1
11751,258168,0,0,0,1
11767,230408,0,0,0,1
11778,177664,0,0,0,1
11782,161008,0,0,0,1
11785,219304,0,0,0,1
11795,247064,0,0,0,1
11803,197095,1,0,0,1
11807,161008,0,0,0,1
11827,133248,0,0,0,1
11830,133248,0,0,0,1
11844,155456,0,0,0,1
11845,347000,0,0,0,1
11850,247064,0,0,0,1
11853,252616,0,0,0,1
11865,144351,1,0,0,1
11872,238736,0,0,0,1
11895,549648,0,0,0,1
11901,149904,0,0,0,1
11918,219304,0,0,0,1
11928,197096,0,0,0,1
9442,222409,2,0,0,1
9586,131631,0,0,0,1
9679,213333,0,0,0,1
9739,226948,2,0,0,1
9879,231489,0,0,0,1
9962,222409,2,0,0,1
9968,222409,2,0,0,1
10424,217872,0,0,0,1
10620,217870,2,0,0,1
10789,231489,0,0,0,1
11095,213333,0,0,0,1
11235,231489,0,0,0,1
11788,340423,2,0,0,1
9486,40756,0,0,0,1
9581,40756,0,0,0,1
9771,38984,0,0,0,1
9927,35440,0,0,0,1
10028,38984,0,0,0,1
10107,40756,0,0,0,1
10544,40756,0,0,0,1
10601,38984,0,0,0,1
10627,40756,0,0,0,1
10644,38984,0,0,0,1
10650,40756,0,0,0,1
10751,38984,0,0,0,1
10810,38984,0,0,0,1
10814,40756,0,0,0,1
10958,40756,0,0,0,1
10963,40756,0,0,0,1
10982,40756,0,0,0,1
10983,40756,0,0,0,1
10984,40756,0,0,0,1
10985,38984,0,0,0,1
10986,31896,0,0,0,1
11005,28352,0,0,0,1
11006,28352,0,0,0,1
11025,28352,0,0,0,1
11026,28352,0,0,0,1
11045,31896,0,0,0,1
11046,33668,0,0,0,1
11047,40756,0,0,0,1
11049,38984,0,0,0,1
11252,38984,0,0,0,1
11289,40756,0,0,0,1
11326,38984,0,0,0,1
11512,40756,0,0,0,1
11530,40756,0,0,0,1
11580,81512,0,0,0,1
11594,79740,0,0,0,1
11852,77968,0,0,0,1
9806,280968,0,0,0,1
10196,207672,0,0,0,1
11208,85508,4,0,0,1
10033,220363,0,1,0,1
10803,119355,3,0,0,1
10906,157047,3,0,0,1
11323,150765,3,0,0,1
11508,185319,0,0,0,1
11539,157047,3,0,0,1
11204,329667,3,0,0,1
11497,145652,0,0,0,1
11545,161443,2,0,0,1
11560,185219,1,0,0,1
11582,168040,0,0,0,1
34943,214130,0,0,0,0
34944,428260,0,0,0,0
34945,302575,0,0,0,0
34946,228095,0,0,0,0
34947,200165,0,0,0,0
34948,325850,0,0,0,0
34949,316540,0,0,0,0
34950,372400,0,0,0,0
34951,209475,0,0,0,0
34952,456190,0,0,0,0
34953,223437,3,0,0,0
34954,293265,0,0,0,0
34955,288607,3,0,0,0
34956,200159,5,1,0,0
34957,451535,0,0,0,0
34958,242060,0,0,0,0
34959,437570,0,0,0,0
34960,246715,0,0,0,0
34961,228095,0,0,0,0
34962,1173057,3,0,0,0
34963,847210,0,0,0,0
34964,209475,0,0,0,0
34965,335160,0,0,0,0
34966,269990,0,0,0,0
34967,97755,0,0,0,0
34968,223440,0,0,0,0
34969,1252181,9,5,0,0
34970,2085435,5,0,0,0
34971,228095,0,0,0,0
34972,121030,0,0,0,0
34973,325850,0,0,0,0
34974,1303386,9,5,0,0
34975,372394,6,0,0,0
34976,493429,1,0,0,0
34977,65170,0,0,0,0
34978,311885,0,0,0,0
34979,246715,0,0,0,0
34980,1820102,3,0,0,0
34981,60515,0,0,0,0
34982,474810,0,0,0,0
34983,353780,0,0,0,0
34984,237405,0,0,0,0
34985,223440,0,0,0,0
34986,391020,0,0,0,0
34987,297920,0,0,0,0
34988,335160,0,0,0,0
34989,1233570,5,0,0,0
34990,93100,0,0,0,0
34991,1103235,0,0,0,0
34992,409637,3,0,0,0
34993,293265,0,0,0,0
34994,800660,0,0,0,0
34995,367745,0,0,0,0
34996,251369,1,0,0,0
34997,265335,0,0,0,0
34998,302575,0,0,0,0
34999,246714,1,0,0,0
35000,381709,1,0,0,0
35001,200165,0,0,0,0
35002,269990,0,0,0,0
35003,237405,0,0,0,0
35004,782039,1,0,0,0
35005,330505,0,0,0,0
35006,335160,0,0,0,0
35007,256025,0,0,0,0
35008,437570,0,0,0,0
35009,581875,0,0,0,0
35010,242060,0,0,0,0
35011,996170,0,0,0,0
35012,18620,0,0,0,0
35013,176890,0,0,0,0
35014,400326,3,1,0,0
35015,134995,0,0,0,0
35016,242060,0,0,0,0
35017,321195,0,0,0,0
35018,130340,0,0,0,0
35019,889105,0,0,0,0
35020,246715,0,0,0,0
35021,581875,0,0,0,0
35022,302575,0,0,0,0
35023,311885,0,0,0,0
35024,977545,5,0,0,0
35025,1117182,14,4,0,0
35026,186200,0,0,0,0
35027,256025,0,0,0,0
35028,325850,0,0,0,0
35029,1028755,0,0,0,0
35030,423604,1,0,0,0
35031,293265,0,0,0,0
35032,903052,18,0,0,0
35033,372400,0,0,0,0
35034,726176,4,0,0,0
35035,1340634,6,0,0,0
35036,176890,0,0,0,0
35037,181545,0,0,0,0
35038,321195,0,0,0,0
35039,311885,0,0,0,0
35040,367745,0,0,0,0
35041,358435,0,0,0,0
35042,377055,0,0,0,0
35043,735490,0,0,0,0
35044,404985,0,0,0,0
35045,535319,6,0,0,0
35046,283955,0,0,0,0
35047,307230,0,0,0,0
35048,209475,0,0,0,0
35049,223440,0,0,0,0
35050,228091,4,0,0,0
35051,204820,0,0,0,0
35052,768074,1,0,0,0
35053,18620,0,0,0,0
35054,214124,5,1,0,0
35055,991515,0,0,0,0
35056,214130,0,0,0,0
35057,214130,0,0,0,0
35058,316540,0,0,0,0
35059,274641,4,0,0,0
35060,237405,0,0,0,0
35061,470154,1,0,0,0
35062,367745,0,0,0,0
35063,344470,0,0,0,0
35064,297920,0,0,0,0
35065,172232,3,0,0,0
35066,460845,0,0,0,0
35067,218785,0,0,0,0
35068,321195,0,0,0,0
35069,1070647,3,0,0,0
35070,330505,0,0,0,0
35071,297920,0,0,0,0
35072,209475,0,0,0,0
35073,283955,0,0,0,0
35074,391020,0,0,0,0
35075,409640,0,0,0,0
35076,232750,0,0,0,0
35077,935644,7,4,0,0
35078,768065,10,0,0,0
35079,381710,0,0,0,0
35080,209475,0,0,0,0
35081,209475,0,0,0,0
35082,256025,0,0,0,0
35083,265335,0,0,0,0
35084,288609,1,0,0,0
35085,279300,0,0,0,0
35086,581875,0,0,0,0
35087,456190,0,0,0,0
35088,563255,0,0,0,0
35089,623770,0,0,0,0
35090,260680,0,0,0,0
35091,232750,0,0,0,0
35092,1331316,9,5,0,0
35093,544635,0,0,0,0
35094,218785,0,0,0,0
35095,237405,0,0,0,0
35096,228095,0,0,0,0
35097,279300,0,0,0,0
35098,288610,0,0,0,0
35099,488775,0,0,0,0
35100,1247530,9,1,0,0
35101,325850,0,0,0,0
35102,204817,3,0,0,0
35103,265335,0,0,0,0
35104,1643215,0,0,0,0
35105,134995,0,0,0,0
35106,209475,0,0,0,0
35107,1233564,7,4,0,0
35108,265335,0,0,0,0
35109,307230,0,0,0,0
35110,465500,0,0,0,0
35111,176888,2,0,0,0
35112,907724,1,0,0,0
35113,428257,3,0,0,0
35114,139650,0,0,0,0
35115,237405,0,0,0,0
35116,730832,3,0,0,0
35117,619112,3,0,0,0
35118,88445,0,0,0,0
35119,1615285,0,0,0,0
35120,256025,0,0,0,0
35121,269990,0,0,0,0
35122,251370,0,0,0,0
35123,246715,0,0,0,0
35124,1028750,5,0,0,0
35125,265335,0,0,0,0
35126,372400,0,0,0,0
35127,339809,6,0,0,0
35128,232750,0,0,0,0
35129,409609,18,13,0,0
35130,288610,0,0,0,0
35131,283955,0,0,0,0
35132,363090,0,0,0,0
35133,1536139,7,4,0,0
35134,404985,0,0,0,0
35135,381710,0,0,0,0
35136,982191,13,1,0,0
35137,330505,0,0,0,0
35138,269990,0,0,0,0
35139,311885,0,0,0,0
35140,242060,0,0,0,0
35141,1261491,9,5,0,0
35142,1173058,2,0,0,0
35143,460845,0,0,0,0
35144,1252195,0,0,0,0
35145,1056673,12,0,0,0
35146,237405,0,0,0,0
35147,1103214,14,7,0,0
35148,65170,0,0,0,0
35149,516704,1,0,0,0
35150,339815,0,0,0,0
35151,595840,0,0,0,0
35152,102410,0,0,0,0
35153,209475,0,0,0,0
35154,265335,0,0,0,0
35155,107065,0,0,0,0
35156,479465,0,0,0,0
35157,190855,0,0,0,0
35158,488775,0,0,0,0
35159,256025,0,0,0,0
35160,214130,0,0,0,0
35161,586530,0,0,0,0
35162,409640,0,0,0,0
35163,809965,4,1,0,0
35164,358432,3,0,0,0
35165,428257,3,0,0,0
35166,609805,0,0,0,0
35167,102410,0,0,0,0
35168,172235,0,0,0,0
35169,367714,18,13,0,0
35170,251370,0,0,0,0
35171,1405810,0,0,0,0
35172,381709,1,0,0,0
35173,242060,0,0,0,0
35174,218784,1,0,0,0
35175,316540,0,0,0,0
35176,423605,0,0,0,0
35177,242060,0,0,0,0
35178,460845,0,0,0,0
35179,214130,0,0,0,0
35180,237405,0,0,0,0
35181,260680,0,0,0,0
35182,18620,0,0,0,0
35183,13965,0,0,0,0
35184,302575,0,0,0,0
35185,107065,0,0,0,0
35186,251370,0,0,0,0
35187,809964,6,0,0,0
35188,167580,0,0,0,0
35189,97755,0,0,0,0
35190,65170,0,0,0,0
35191,460841,4,0,0,0
35192,400329,1,0,0,0
35193,297920,0,0,0,0
35194,260680,0,0,0,0
35195,335160,0,0,0,0
35196,1289430,5,0,0,0
35197,116375,0,0,0,0
35198,1261502,2,1,0,0
35199,256025,0,0,0,0
35200,512045,5,0,0,0
35201,256025,0,0,0,0
35202,311885,0,0,0,0
35203,1010135,0,0,0,0
35204,330504,1,0,0,0
35205,223440,0,0,0,0
35206,246715,0,0,0,0
35207,842555,0,0,0,0
35208,777385,0,0,0,0
35209,269990,0,0,0,0
35210,218785,0,0,0,0
35211,74480,0,0,0,0
35212,293265,0,0,0,0
35213,107065,0,0,0,0
35214,102410,0,0,0,0
35215,232750,0,0,0,0
35216,209475,0,0,0,0
35217,200165,0,0,0,0
35218,204820,0,0,0,0
35219,283955,0,0,0,0
35220,214130,0,0,0,0
35221,223440,0,0,0,0
35222,111720,0,0,0,0
35223,232750,0,0,0,0
35224,279300,0,0,0,0
35225,930989,7,4,0,0
35226,181545,0,0,0,0
35227,260680,0,0,0,0
35228,1368560,5,5,0,0
35229,553944,1,0,0,0
35230,79135,0,0,0,0
35231,381710,0,0,0,0
35232,302575,0,0,0,0
35233,414295,0,0,0,0
35234,237405,0,0,0,0
35235,274645,0,0,0,0
35236,195510,0,0,0,0
35237,279300,0,0,0,0
35238,274645,0,0,0,0
35239,256025,0,0,0,0
35240,730832,3,0,0,0
35241,158270,0,0,0,0
35242,176889,1,0,0,0
35243,237405,0,0,0,0
35244,218785,0,0,0,0
35245,204820,0,0,0,0
35246,279300,0,0,0,0
35247,107065,0,0,0,0
35248,69825,0,0,0,0
35249,200165,0,0,0,0
35250,232750,0,0,0,0
35251,409632,8,0,0,0
35252,223440,0,0,0,0
35253,325850,0,0,0,0
35254,297920,0,0,0,0
35255,204820,0,0,0,0
35256,353780,0,0,0,0
35257,293265,0,0,0,0
35258,372392,8,0,0,0
35259,283953,2,0,0,0
35260,958930,0,0,0,0
35261,269990,0,0,0,0
35262,339815,0,0,0,0
35263,246715,0,0,0,0
35264,316538,2,0,0,0
35265,335160,0,0,0,0
35266,172235,0,0,0,0
35267,269990,0,0,0,0
35268,214130,0,0,0,0
35269,446880,0,0,0,0
35270,251370,0,0,0,0
35271,144305,0,0,0,0
35272,307230,0,0,0,0
35273,498084,1,0,0,0
35274,381710,0,0,0,0
35275,195510,0,0,0,0
35276,218785,0,0,0,0
35277,456190,0,0,0,0
35278,325850,0,0,0,0
35279,437568,2,0,0,0
35280,1284766,9,5,0,0
35281,209475,0,0,0,0
35282,260680,0,0,0,0
35283,321195,0,0,0,0
35284,246715,0,0,0,0
35285,269990,0,0,0,0
35286,330504,1,0,0,0
35287,772727,3,0,0,0
35288,256025,0,0,0,0
35289,223440,0,0,0,0
35290,176884,6,0,0,0
35291,353780,0,0,0,0
35292,344470,0,0,0,0
35293,293262,3,0,0,0
35294,186200,0,0,0,0
35295,232750,0,0,0,0
35296,1098580,0,0,0,0
35297,409640,0,0,0,0
35298,279300,0,0,0,0
35299,796002,3,0,0,0
35300,162925,0,0,0,0
35301,204820,0,0,0,0
35302,442225,0,0,0,0
35303,260680,0,0,0,0
35304,311885,0,0,0,0
35305,274645,0,0,0,0
35306,111720,0,0,0,0
35307,269990,0,0,0,0
35308,260680,0,0,0,0
35309,204820,0,0,0,0
35310,321195,0,0,0,0
35311,190855,0,0,0,0
35312,223440,0,0,0,0
35313,404985,0,0,0,0
35314,1252191,0,4,0,0
35315,204820,0,0,0,0
35316,181545,0,0,0,0
35317,335160,0,0,0,0
35318,353774,6,0,0,0
35319,242060,0,0,0,0
35320,307229,1,0,0,0
35321,209475,0,0,0,0
35322,232750,0,0,0,0
35323,316540,0,0,0,0
35324,330505,0,0,0,0
35325,200165,0,0,0,0
35326,218785,0,0,0,0
35327,256025,0,0,0,0
35328,423605,0,0,0,0
35329,107065,0,0,0,0
35330,972894,1,0,0,0
35331,237405,0,0,0,0
35332,107065,0,0,0,0
35333,107065,0,0,0,0
35334,828590,0,0,0,0
35335,265332,3,0,0,0
35336,1745619,5,1,0,0
35337,223439,1,0,0,0
35338,1326672,2,1,0,0
35339,107065,0,0,0,0
35340,763414,6,0,0,0
35341,805309,6,0,0,0
35342,521360,0,0,0,0
35343,311879,6,0,0,0
35344,209475,0,0,0,0
35345,1401150,5,0,0,0
35346,353780,0,0,0,0
35347,358435,0,0,0,0
35348,232750,0,0,0,0
35349,237405,0,0,0,0
35350,1135812,3,5,0,0
35351,1270801,9,5,0,0
35352,269990,0,0,0,0
35353,125685,0,0,0,0
35354,242060,0,0,0,0
35355,432915,0,0,0,0
35356,474810,0,0,0,0
35357,256025,0,0,0,0
35358,302575,0,0,0,0
35359,977538,7,5,0,0
35360,125685,0,0,0,0
35361,232744,6,0,0,0
35362,1098574,6,0,0,0
35363,311885,0,0,0,0
35364,400330,0,0,0,0
35365,949620,0,0,0,0
35366,288610,0,0,0,0
35367,232750,0,0,0,0
35368,451535,0,0,0,0
35369,488775,0,0,0,0
35370,1289434,1,0,0,0
35371,167580,0,0,0,0
35372,330505,0,0,0,0
35373,1121844,10,1,0,0
35374,134995,0,0,0,0
35375,228095,0,0,0,0
35376,232750,0,0,0,0
35377,293263,2,0,0,0
35378,209475,0,0,0,0
35379,265334,1,0,0,0
35380,274645,0,0,0,0
35381,1368563,7,0,0,0
35382,316540,0,0,0,0
35383,442225,0,0,0,0
35384,1019434,10,1,0,0
35385,209475,0,0,0,0
35386,288608,2,0,0,0
35387,293265,0,0,0,0
35388,828590,0,0,0,0
35389,1014783,7,0,0,0
35390,833245,0,0,0,0
35391,55860,0,0,0,0
35392,209475,0,0,0,0
35393,209475,0,0,0,0
35394,386365,0,0,0,0
35395,242059,1,0,0,0
35396,265335,0,0,0,0
35397,358435,0,0,0,0
35398,1410455,9,1,0,0
35399,218785,0,0,0,0
35400,423605,0,0,0,0
35401,130340,0,0,0,0
35402,265335,0,0,0,0
35403,218785,0,0,0,0
35404,116375,0,0,0,0
35405,102410,0,0,0,0
35406,898415,0,0,0,0
35407,232750,0,0,0,0
35408,260680,0,0,0,0
35409,237405,0,0,0,0
35410,218785,0,0,0,0
35411,107065,0,0,0,0
35412,288610,0,0,0,0
35413,269990,0,0,0,0
35414,256025,0,0,0,0
35415,65170,0,0,0,0
35416,302573,2,0,0,0
35417,1261501,4,0,0,0
35418,209475,0,0,0,0
35419,246715,0,0,0,0
35420,288610,0,0,0,0
35421,414295,0,0,0,0
35422,279300,0,0,0,0
35423,297920,0,0,0,0
35424,1107880,6,4,0,0
35425,265335,0,0,0,0
35426,107065,0,0,0,0
35427,353780,0,0,0,0
35428,372394,6,0,0,0
35429,1196329,6,0,0,0
35430,1028748,7,0,0,0
35431,256025,0,0,0,0
35432,18620,0,0,0,0
35433,330505,0,0,0,0
35434,325850,0,0,0,0
35435,879764,26,5,0,0
35436,372400,0,0,0,0
35437,349125,0,0,0,0
35438,949609,7,4,0,0
35439,395675,0,0,0,0
35440,269990,0,0,0,0
35441,256025,0,0,0,0
35442,935650,4,1,0,0
35443,321195,0,0,0,0
35444,214130,0,0,0,0
35445,516700,5,0,0,0
35446,288610,0,0,0,0
35447,335160,0,0,0,0
35448,190855,0,0,0,0
35449,195510,0,0,0,0
35450,279300,0,0,0,0
35451,251370,0,0,0,0
35452,954264,7,4,0,0
35453,488775,0,0,0,0
35454,1065992,3,0,0,0
35455,237405,0,0,0,0
35456,339813,2,0,0,0
35457,800657,3,0,0,0
35458,311876,1,7,1,0
35459,321195,0,0,0,0
35460,153615,0,0,0,0
35461,688937,3,0,0,0
35462,218785,0,0,0,0
35463,800660,0,0,0,0
35464,311885,0,0,0,0
35465,256025,0,0,0,0
35466,805315,0,0,0,0
35467,1363901,9,5,0,0
35468,260680,0,0,0,0
35469,223440,0,0,0,0
35470,414295,0,0,0,0
35471,162925,0,0,0,0
35472,218785,0,0,0,0
35473,917035,0,0,0,0
35474,1387180,9,1,0,0
35475,2536950,20,4,0,0
35476,107065,0,0,0,0
35477,302575,0,0,0,0
35478,218785,0,0,0,0
35479,1261504,1,0,0,0
35480,428254,6,0,0,0
35481,349122,3,0,0,0
35482,353780,0,0,0,0
35483,423605,0,0,0,0
35484,1121842,9,4,0,0
35485,269990,0,0,0,0
35486,228095,0,0,0,0
35487,1242874,7,4,0,0
35488,400330,0,0,0,0
35489,884445,4,1,0,0
35490,451534,1,0,0,0
35491,297920,0,0,0,0
35492,349125,0,0,0,0
35493,269990,0,0,0,0
35494,237405,0,0,0,0
35495,400330,0,0,0,0
35496,432912,3,0,0,0
35497,162925,0,0,0,0
35498,269990,0,0,0,0
35499,214130,0,0,0,0
35500,237405,0,0,0,0
35501,134995,0,0,0,0
35502,949608,7,5,0,0
35503,367744,1,0,0,0
35504,228095,0,0,0,0
35505,232750,0,0,0,0
35506,321195,0,0,0,0
35507,404985,0,0,0,0
35508,367742,3,0,0,0
35509,223440,0,0,0,0
35510,414295,0,0,0,0
35511,330504,1,0,0,0
35512,265335,0,0,0,0
35513,260680,0,0,0,0
35514,363086,4,0,0,0
35515,214130,0,0,0,0
35516,209475,0,0,0,0
35517,512050,0,0,0,0
35518,283955,0,0,0,0
35519,260680,0,0,0,0
35520,228091,4,0,0,0
35521,367745,0,0,0,0
35522,288610,0,0,0,0
35523,83790,0,0,0,0
35524,465500,0,0,0,0
35525,325850,0,0,0,0
35526,1149772,12,1,0,0
35527,791347,3,0,0,0
35528,1219596,13,1,0,0
35529,60515,0,0,0,0
35530,335160,0,0,0,0
35531,423605,0,0,0,0
35532,2564885,15,4,0,0
35533,1121855,0,0,0,0
35534,256025,0,0,0,0
35535,307230,0,0,0,0
35536,237405,0,0,0,0
35537,228095,0,0,0,0
35538,754107,3,0,0,0
35539,153615,0,0,0,0
35540,1266149,7,4,0,0
35541,274645,0,0,0,0
35542,376945,110,0,0,0
35543,302575,0,0,0,0
35544,209475,0,0,0,0
35545,176890,0,0,0,0
35546,260680,0,0,0,0
35547,274645,0,0,0,0
35548,358432,3,0,0,0
35549,307230,0,0,0,0
35550,269990,0,0,0,0
35551,111720,0,0,0,0
35552,2034224,7,4,0,0
35553,2313524,7,4,0,0
35554,204820,0,0,0,0
35555,246715,0,0,0,0
35556,269990,0,0,0,0
35557,237405,0,0,0,0
35558,209475,0,0,0,0
35559,251370,0,0,0,0
35560,293265,0,0,0,0
35561,679626,4,0,0,0
35562,167580,0,0,0,0
35563,1266150,8,2,0,0
35564,242060,0,0,0,0
35565,293265,0,0,0,0
35566,1424425,5,0,0,0
35567,330504,1,0,0,0
35568,796005,0,0,0,0
35569,1191667,9,4,0,0
35570,256024,1,0,0,0
35571,288610,0,0,0,0
35572,116375,0,0,0,0
35573,251370,0,0,0,0
35574,1284766,9,5,0,0
35575,1270804,7,4,0,0
35576,218785,0,0,0,0
35577,358435,0,0,0,0
35578,1280114,7,4,0,0
35579,763417,3,0,0,0
35580,260680,0,0,0,0
35581,218785,0,0,0,0
35582,97755,0,0,0,0
35583,260680,0,0,0,0
35584,921690,0,0,0,0
35585,344468,2,0,0,0
35586,414295,0,0,0,0
35587,186200,0,0,0,0
35588,367745,0,0,0,0
35589,404985,0,0,0,0
35590,307230,0,0,0,0
35591,176889,1,0,0,0
35592,130337,3,0,0,0
35593,325849,1,0,0,0
35594,265335,0,0,0,0
35595,283955,0,0,0,0
35596,391020,0,0,0,0
35597,1987674,7,4,0,0
35598,740145,0,0,0,0
35599,307230,0,0,0,0
35600,1200976,9,5,0,0
35601,512050,0,0,0,0
35602,269990,0,0,0,0
35603,437570,0,0,0,0
35604,2485753,12,4,0,0
35605,265335,0,0,0,0
35606,279298,2,0,0,0
35607,1252167,25,3,0,0
35608,251369,1,0,0,0
35609,283955,0,0,0,0
35610,782037,3,0,0,0
35611,330505,0,0,0,0
35612,321195,0,0,0,0
35613,349125,0,0,0,0
35614,302575,0,0,0,0
35615,74480,0,0,0,0
35616,977540,5,5,0,0
35617,437570,0,0,0,0
35618,232750,0,0,0,0
35619,1224254,7,4,0,0
35620,107065,0,0,0,0
35621,232750,0,0,0,0
35622,283955,0,0,0,0
35623,302575,0,0,0,0
35624,1238216,9,5,0,0
35625,311885,0,0,0,0
35626,283952,3,0,0,0
35627,1238219,7,4,0,0
35628,1196328,3,4,0,0
35629,107065,0,0,0,0
35630,363090,0,0,0,0
35631,404985,0,0,0,0
35632,228095,0,0,0,0
35633,111720,0,0,0,0
35634,1140470,5,0,0,0
35635,344470,0,0,0,0
35636,256025,0,0,0,0
35637,237405,0,0,0,0
35638,372400,0,0,0,0
35639,162925,0,0,0,0
35640,302575,0,0,0,0
35641,251370,0,0,0,0
35642,102410,0,0,0,0
35643,335156,4,0,0,0
35644,181545,0,0,0,0
35645,274645,0,0,0,0
35646,409640,0,0,0,0
35647,209475,0,0,0,0
35648,74480,0,0,0,0
35649,111720,0,0,0,0
35650,782030,5,5,0,0
35651,921676,13,1,0,0
35652,414185,110,0,0,0
35653,223440,0,0,0,0
35654,256025,0,0,0,0
35655,283955,0,0,0,0
35656,377047,8,0,0,0
35657,116375,0,0,0,0
35658,18620,0,0,0,0
35659,260680,0,0,0,0
35660,325850,0,0,0,0
35661,1219610,0,0,0,0
35662,339815,0,0,0,0
35663,456190,0,0,0,0
35664,228095,0,0,0,0
35665,1354577,26,0,2,0
35666,116375,0,0,0,0
35667,381710,0,0,0,0
35668,418949,1,0,0,0
35669,940299,7,4,0,0
35670,111720,0,0,0,0
35671,186200,0,0,0,0
35672,302574,0,1,0,0
35673,875138,2,0,0,0
35674,134995,0,0,0,0
35675,437567,3,0,0,0
35676,107065,0,0,0,0
35677,903061,9,0,0,0
35678,288610,0,0,0,0
35679,246715,0,0,0,0
35680,605150,0,0,0,0
35681,526015,0,0,0,0
35682,256025,0,0,0,0
35683,288610,0,0,0,0
35684,283955,0,0,0,0
35685,134995,0,0,0,0
35686,418950,0,0,0,0
35687,297920,0,0,0,0
35688,1047365,5,4,1,0
35689,381704,6,0,0,0
35690,297920,0,0,0,0
35691,721517,8,0,0,0
35692,251370,0,0,0,0
35693,260680,0,0,0,0
35694,260680,0,0,0,0
35695,214127,3,0,0,0
35696,391020,0,0,0,0
35697,172235,0,0,0,0
35698,172235,0,0,0,0
35699,111720,0,0,0,0
35700,121030,0,0,0,0
35701,339815,0,0,0,0
35702,209475,0,0,0,0
35703,321195,0,0,0,0
35704,791350,0,0,0,0
35705,311885,0,0,0,0
35706,297920,0,0,0,0
35707,339815,0,0,0,0
35708,1303389,7,4,0,0
35709,200165,0,0,0,0
35710,535325,0,0,0,0
35711,344470,0,0,0,0
35712,884448,2,0,0,0
35713,176885,4,1,0,0
35714,358430,4,1,0,0
35715,223440,0,0,0,0
35716,251370,0,0,0,0
35717,256025,0,0,0,0
35718,214130,0,0,0,0
35719,116375,0,0,0,0
35720,251370,0,0,0,0
35721,204820,0,0,0,0
35722,121030,0,0,0,0
35723,386365,0,0,0,0
35724,237402,3,0,0,0
35725,144305,0,0,0,0
35726,567909,1,0,0,0
35727,1480287,2,1,0,0
35728,274645,0,0,0,0
35729,400329,1,0,0,0
35730,167580,0,0,0,0
35731,353780,0,0,0,0
35732,1405810,0,0,0,0
35733,260680,0,0,0,0
35734,269990,0,0,0,0
35735,949608,12,0,0,0
35736,172234,1,0,0,0
35737,423605,0,0,0,0
35738,228094,1,0,0,0
35739,102410,0,0,0,0
35740,432912,3,0,0,0
35741,344470,0,0,0,0
35742,1149781,3,1,0,0
35743,544635,0,0,0,0
35744,274645,0,0,0,0
35745,349125,0,0,0,0
35746,302575,0,0,0,0
35747,321195,0,0,0,0
35748,400330,0,0,0,0
35749,1182356,9,5,0,0
35750,1247529,7,4,0,0
35751,1173049,10,1,0,0
35752,628423,2,0,0,0
35753,674967,4,4,0,0
35754,121030,0,0,0,0
35755,1256839,7,4,0,0
35756,344470,0,0,0,0
35757,321195,0,0,0,0
35758,260680,0,0,0,0
35759,3142054,62,5,4,0
35760,242060,0,0,0,0
35761,200165,0,0,0,0
35762,107065,0,0,0,0
35763,256025,0,0,0,0
35764,1126507,3,0,0,0
35765,246715,0,0,0,0
35766,214130,0,0,0,0
35767,186200,0,0,0,0
35768,1312699,7,4,0,0
35769,358435,0,0,0,0
35770,325850,0,0,0,0
35771,288610,0,0,0,0
35772,288610,0,0,0,0
35773,116375,0,0,0,0
35774,237405,0,0,0,0
35775,1629250,0,0,0,0
35776,251370,0,0,0,0
35777,339812,3,0,0,0
35778,451534,1,0,0,0
35779,274645,0,0,0,0
35780,283955,0,0,0,0
35781,172235,0,0,0,0
35782,921679,7,4,0,0
35783,414295,0,0,0,0
35784,204820,0,0,0,0
35785,195509,1,0,0,0
35786,228095,0,0,0,0
35787,404985,0,0,0,0
35788,242060,0,0,0,0
35789,386364,1,0,0,0
35790,1289424,7,4,0,0
35791,377055,0,0,0,0
35792,1308044,7,4,0,0
35793,200165,0,0,0,0
35794,512043,7,0,0,0
35795,144305,0,0,0,0
35796,307230,0,0,0,0
35797,74480,0,0,0,0
35798,167577,3,0,0,0
35799,335160,0,0,0,0
35800,484119,1,0,0,0
35801,288610,0,0,0,0
35802,1070646,4,0,0,0
35803,107065,0,0,0,0
35804,139650,0,0,0,0
35805,782040,0,0,0,0
35806,302575,0,0,0,0
35807,316540,0,0,0,0
35808,307230,0,0,0,0
35809,223440,0,0,0,0
35810,116375,0,0,0,0
35811,363090,0,0,0,0
35812,209475,0,0,0,0
35813,1177701,13,1,0,0
35814,260680,0,0,0,0
35815,209475,0,0,0,0
35816,200165,0,0,0,0
35817,400299,18,13,0,0
35818,972884,7,4,0,0
35819,404985,0,0,0,0
35820,116375,0,0,0,0
35821,209475,0,0,0,0
35822,288610,0,0,0,0
35823,256025,0,0,0,0
35824,1638549,7,4,0,0
35825,218785,0,0,0,0
35826,302575,0,0,0,0
35827,214128,2,0,0,0
35828,1121853,2,0,0,0
35829,274645,0,0,0,0
35830,409639,1,0,0,0
35831,260678,2,0,0,0
35832,484119,1,0,0,0
35833,232749,1,0,0,0
35834,125685,0,0,0,0
35835,148960,0,0,0,0
35836,647042,3,0,0,0
35837,246715,0,0,0,0
35838,1433734,6,0,0,0
35839,209475,0,0,0,0
35840,65170,0,0,0,0
35841,391020,0,0,0,0
35842,242060,0,0,0,0
35843,763414,6,0,0,0
35844,865823,7,0,0,0
35845,279300,0,0,0,0
35846,288610,0,0,0,0
35847,79135,0,0,0,0
35848,111720,0,0,0,0
35849,1145112,18,0,0,0
35850,204820,0,0,0,0
35851,111720,0,0,0,0
35852,83790,0,0,0,0
35853,256025,0,0,0,0
35854,754103,7,0,0,0
35855,265335,0,0,0,0
35856,409640,0,0,0,0
35857,121030,0,0,0,0
35858,93100,0,0,0,0
35859,79135,0,0,0,0
35860,363090,0,0,0,0
35861,349125,0,0,0,0
35862,330505,0,0,0,0
35863,237405,0,0,0,0
35864,172235,0,0,0,0
35865,125685,0,0,0,0
35866,409637,3,0,0,0
35867,432915,0,0,0,0
35868,1289435,0,0,0,0
35869,209475,0,0,0,0
35870,339784,18,13,0,0
35871,1261494,7,4,0,0
35872,307229,1,0,0,0
35873,1075303,2,0,0,0
35874,339815,0,0,0,0
35875,269990,0,0,0,0
35876,97755,0,0,0,0
35877,246715,0,0,0,0
35878,209475,0,0,0,0
35879,269990,0,0,0,0
35880,605139,10,1,0,0
35881,302574,1,0,0,0
35882,200165,0,0,0,0
35883,214130,0,0,0,0
35884,102410,0,0,0,0
35885,246715,0,0,0,0
35886,274645,0,0,0,0
35887,325850,0,0,0,0
35888,311882,3,0,0,0
35889,1373219,6,0,0,0
35890,256025,0,0,0,0
35891,269990,0,0,0,0
35892,339814,1,0,0,0
35893,214130,0,0,0,0
35894,437570,0,0,0,0
35895,1065990,4,1,0,0
35896,330501,4,0,0,0
35897,237405,0,0,0,0
35898,456186,4,0,0,0
35899,283955,0,0,0,0
35900,269990,0,0,0,0
35901,265335,0,0,0,0
35902,493430,0,0,0,0
35903,1233571,4,0,0,0
35904,297920,0,0,0,0
35905,442225,0,0,0,0
35906,111720,0,0,0,0
35907,228095,0,0,0,0
35908,311885,0,0,0,0
35909,209475,0,0,0,0
35910,498084,1,0,0,0
35911,195510,0,0,0,0
35912,302575,0,0,0,0
35913,772719,7,4,0,0
35914,367745,0,0,0,0
35915,977539,7,4,0,0
35916,265335,0,0,0,0
35917,256025,0,0,0,0
35918,148960,0,0,0,0
35919,214130,0,0,0,0
35920,251370,0,0,0,0
35921,228095,0,0,0,0
35922,232750,0,0,0,0
35923,432915,0,0,0,0
35924,148960,0,0,0,0
35925,325850,0,0,0,0
35926,167577,3,0,0,0
35927,1131162,3,0,0,0
35928,311885,0,0,0,0
35929,339809,6,0,0,0
35930,893760,0,0,0,0
35931,237405,0,0,0,0
35932,749453,2,0,0,0
35933,377055,0,0,0,0
35934,279300,0,0,0,0
35935,256025,0,0,0,0
35936,200165,0,0,0,0
35937,218785,0,0,0,0
35938,367742,3,0,0,0
35939,307230,0,0,0,0
35940,349122,3,0,0,0
35941,353780,0,0,0,0
35942,498084,1,0,0,0
35943,242060,0,0,0,0
35944,279300,0,0,0,0
35945,251370,0,0,0,0
35946,246714,1,0,0,0
35947,1238190,35,5,0,0
35948,172235,0,0,0,0
35949,353777,3,0,0,0
35950,297917,3,0,0,0
35951,246715,0,0,0,0
35952,200165,0,0,0,0
35953,269990,0,0,0,0
35954,223440,0,0,0,0
35955,1084612,3,0,0,0
35956,256024,1,0,0,0
35957,218785,0,0,0,0
35958,288610,0,0,0,0
35959,242060,0,0,0,0
35960,1052030,0,0,0,0
35961,567909,1,0,0,0
35962,353780,0,0,0,0
35963,339815,0,0,0,0
35964,209475,0,0,0,0
35965,442225,0,0,0,0
35966,246715,0,0,0,0
35967,293261,4,0,0,0
35968,1024093,7,0,0,0
35969,195510,0,0,0,0
35970,414294,1,0,0,0
35971,377051,4,0,0,0
35972,428260,0,0,0,0
35973,339815,0,0,0,0
35974,279300,0,0,0,0
35975,200165,0,0,0,0
35976,204820,0,0,0,0
35977,302575,0,0,0,0
35978,325850,0,0,0,0
35979,274645,0,0,0,0
35980,256025,0,0,0,0
35981,423605,0,0,0,0
35982,274645,0,0,0,0
35983,614460,0,0,0,0
35984,209475,0,0,0,0
35985,274645,0,0,0,0
35986,274645,0,0,0,0
35987,200165,0,0,0,0
35988,269990,0,0,0,0
35989,363090,0,0,0,0
35990,800660,0,0,0,0
35991,367745,0,0,0,0
35992,1126501,9,0,0,0
35993,335153,7,0,0,0
35994,256025,0,0,0,0
35995,246715,0,0,0,0
35996,116375,0,0,0,0
35997,121030,0,0,0,0
35998,283955,0,0,0,0
35999,1359259,1,0,0,0
36000,2145954,0,1,0,0
36001,55860,0,0,0,0
36002,558600,0,0,0,0
36003,432915,0,0,0,0
36004,209475,0,0,0,0
36005,288610,0,0,0,0
36006,74480,0,0,0,0
36007,1093922,3,0,0,0
36008,400330,0,0,0,0
36009,372400,0,0,0,0
36010,260677,3,0,0,0
36011,493429,1,0,0,0
36012,921690,0,0,0,0
36013,260680,0,0,0,0
36014,1298731,9,5,0,0
36015,158270,0,0,0,0
36016,1554709,52,9,0,0
36017,437570,0,0,0,0
36018,283955,0,0,0,0
36019,209475,0,0,0,0
36020,256025,0,0,0,0
36021,693588,7,0,0,0
36022,214130,0,0,0,0
36023,74480,0,0,0,0
36024,279300,0,0,0,0
36025,1089260,5,5,0,0
36026,260680,0,0,0,0
36027,111720,0,0,0,0
36028,1196321,14,0,0,0
36029,288610,0,0,0,0
36030,321195,0,0,0,0
36031,1317363,2,0,0,0
36032,325850,0,0,0,0
36033,116375,0,0,0,0
36034,293265,0,0,0,0
36035,93100,0,0,0,0
36036,293265,0,0,0,0
36037,186200,0,0,0,0
36038,674972,3,0,0,0
36039,344470,0,0,0,0
36040,297920,0,0,0,0
36041,102410,0,0,0,0
36042,269990,0,0,0,0
36043,1335978,6,1,0,0
36044,386365,0,0,0,0
36045,246715,0,0,0,0
36046,619115,0,0,0,0
36047,418950,0,0,0,0
36048,102410,0,0,0,0
36049,209475,0,0,0,0
36050,228095,0,0,0,0
36051,330504,1,0,0,0
36052,1163728,19,3,0,0
36053,903070,0,0,0,0
36054,828587,3,0,0,0
36055,27930,0,0,0,0
36056,800649,11,0,0,0
36057,237405,0,0,0,0
36058,414295,0,0,0,0
36059,349125,0,0,0,0
36060,228095,0,0,0,0
36061,325846,4,0,0,0
36062,977550,0,0,0,0
36063,1331308,22,0,0,0
36064,1382513,22,0,0,0
36065,237405,0,0,0,0
36066,283955,0,0,0,0
36067,242060,0,0,0,0
36068,944955,5,5,0,0
36069,302575,0,0,0,0
36070,279300,0,0,0,0
36071,661009,1,0,0,0
36072,251370,0,0,0,0
36073,302575,0,0,0,0
36074,442225,0,0,0,0
36075,246715,0,0,0,0
36076,283955,0,0,0,0
36077,358432,3,0,0,0
36078,544635,0,0,0,0
36079,451532,3,0,0,0
36080,181545,0,0,0,0
36081,176890,0,0,0,0
36082,242060,0,0,0,0
36083,316540,0,0,0,0
36084,372400,0,0,0,0
36085,293265,0,0,0,0
36086,297920,0,0,0,0
36087,223440,0,0,0,0
36088,107065,0,0,0,0
36089,823930,4,1,0,0
36090,1252184,7,4,0,0
36091,344470,0,0,0,0
36092,451532,3,0,0,0
36093,1052020,5,5,0,0
36094,228091,4,0,0,0
36095,265335,0,0,0,0
36096,223440,0,0,0,0
36097,200165,0,0,0,0
36098,353780,0,0,0,0
36099,349122,3,0,0,0
36100,311885,0,0,0,0
36101,358435,0,0,0,0
36102,325850,0,0,0,0
36103,269990,0,0,0,0
36104,349125,0,0,0,0
36105,437570,0,0,0,0
36106,302575,0,0,0,0
36107,242060,0,0,0,0
36108,269989,1,0,0,0
36109,283955,0,0,0,0
36110,274645,0,0,0,0
36111,242060,0,0,0,0
36112,507393,2,0,0,0
36113,316540,0,0,0,0
36114,228095,0,0,0,0
36115,474810,0,0,0,0
36116,181545,0,0,0,0
36117,260680,0,0,0,0
36118,102410,0,0,0,0
36119,134995,0,0,0,0
36120,758765,0,0,0,0
36121,870477,6,2,0,0
36122,353780,0,0,0,0
36123,661010,0,0,0,0
36124,111720,0,0,0,0
36125,167577,3,0,0,0
36126,204820,0,0,0,0
36127,363090,0,0,0,0
36128,470155,0,0,0,0
36129,321195,0,0,0,0
36130,1238216,9,5,0,0
36131,228091,4,0,0,0
36132,251370,0,0,0,0
36133,437570,0,0,0,0
36134,311884,1,0,0,0
36135,307230,0,0,0,0
36136,246715,0,0,0,0
36137,283955,0,0,0,0
36138,218785,0,0,0,0
36139,400330,0,0,0,0
36140,1256839,7,4,0,0
36141,190855,0,0,0,0
36142,493429,1,0,0,0
36143,311885,0,0,0,0
36144,316540,0,0,0,0
36145,218785,0,0,0,0
36146,330505,0,0,0,0
36147,153615,0,0,0,0
36148,335160,0,0,0,0
36149,242060,0,0,0,0
36150,307230,0,0,0,0
36151,498084,1,0,0,0
36152,204820,0,0,0,0
36153,18620,0,0,0,0
36154,297920,0,0,0,0
36155,232750,0,0,0,0
36156,716870,0,0,0,0
36157,768075,0,0,0,0
36158,167577,3,0,0,0
36159,363089,1,0,0,0
36160,232749,1,0,0,0
36161,353780,0,0,0,0
36162,176890,0,0,0,0
36163,228095,0,0,0,0
36164,125685,0,0,0,0
36165,228095,0,0,0,0
36166,102410,0,0,0,0
36167,214130,0,0,0,0
36168,186200,0,0,0,0
36169,800659,1,0,0,0
36170,251370,0,0,0,0
36171,256025,0,0,0,0
36172,479465,0,0,0,0
36173,279300,0,0,0,0
36174,162925,0,0,0,0
36175,726174,6,0,0,0
36176,349125,0,0,0,0
36177,279300,0,0,0,0
36178,237405,0,0,0,0
36179,251370,0,0,0,0
36180,279300,0,0,0,0
36181,1266149,7,4,0,0
36182,330505,0,0,0,0
36183,619115,0,0,0,0
36184,600487,8,0,0,0
36185,460841,4,0,0,0
36186,381710,0,0,0,0
36187,242060,0,0,0,0
36188,218785,0,0,0,0
36189,307230,0,0,0,0
36190,400330,0,0,0,0
36191,307229,1,0,0,0
36192,391020,0,0,0,0
36193,325850,0,0,0,0
36194,302575,0,0,0,0
36195,228095,0,0,0,0
36196,102410,0,0,0,0
36197,1135815,5,0,0,0
36198,651700,0,0,0,0
36199,274645,0,0,0,0
36200,325850,0,0,0,0
36201,321195,0,0,0,0
36202,228095,0,0,0,0
36203,335160,0,0,0,0
36204,391020,0,0,0,0
36205,288610,0,0,0,0
36206,712209,6,0,0,0
36207,107065,0,0,0,0
36208,353777,3,0,0,0
36209,474810,0,0,0,0
36210,88445,0,0,0,0
36211,130336,4,0,0,0
36212,172231,4,0,0,0
36213,1024100,0,0,0,0
36214,218785,0,0,0,0
36215,74480,0,0,0,0
36216,609805,0,0,0,0
36217,223440,0,0,0,0
36218,395675,0,0,0,0
36219,162925,0,0,0,0
36220,209475,0,0,0,0
36221,367742,3,0,0,0
36222,288610,0,0,0,0
36223,823930,4,1,0,0
36224,349125,0,0,0,0
36225,325848,2,0,0,0
36226,265335,0,0,0,0
36227,293265,0,0,0,0
36228,223439,1,0,0,0
36229,558600,0,0,0,0
36230,69825,0,0,0,0
36231,251370,0,0,0,0
36232,921684,2,4,0,0
36233,386365,0,0,0,0
36234,1298735,5,5,0,0
36235,274645,0,0,0,0
36236,330505,0,0,0,0
36237,18620,0,0,0,0
36238,772727,3,0,0,0
36239,423605,0,0,0,0
36240,861155,16,4,0,0
36241,316539,1,0,0,0
36242,1149781,4,0,0,0
36243,209475,0,0,0,0
36244,451529,6,0,0,0
36245,307230,0,0,0,0
36246,107065,0,0,0,0
36247,1014790,0,0,0,0
36248,1233564,7,4,0,0
36249,1280114,7,4,0,0
36250,172235,0,0,0,0
36251,1298731,9,5,0,0
36252,1345281,9,5,0,0
36253,1354591,9,5,0,0
36254,269990,0,0,0,0
36255,432914,1,0,0,0
36256,214130,0,0,0,0
36257,279300,0,0,0,0
36258,1247539,1,0,0,0
36259,209475,0,0,0,0
36260,223440,0,0,0,0
36261,526010,5,0,0,0
36262,176890,0,0,0,0
36263,428260,0,0,0,0
36264,242060,0,0,0,0
36265,963585,0,0,0,0
36266,316540,0,0,0,0
36267,246715,0,0,0,0
36268,293265,0,0,0,0
36269,358435,0,0,0,0
36270,204820,0,0,0,0
36271,134995,0,0,0,0
36272,651698,2,0,0,0
36273,260680,0,0,0,0
36274,269990,0,0,0,0
36275,358432,3,0,0,0
36276,116375,0,0,0,0
36277,242060,0,0,0,0
36278,549286,4,0,0,0
36279,218785,0,0,0,0
36280,274645,0,0,0,0
36281,377055,0,0,0,0
36282,232750,0,0,0,0
36283,1363901,9,5,0,0
36284,535322,2,1,0,0
36285,256025,0,0,0,0
36286,121030,0,0,0,0
36287,935654,1,0,0,0
36288,232750,0,0,0,0
36289,321195,0,0,0,0
36290,102410,0,0,0,0
36291,1596665,0,0,0,0
36292,283955,0,0,0,0
36293,200165,0,0,0,0
36294,446880,0,0,0,0
36295,125685,0,0,0,0
36296,297920,0,0,0,0
36297,274645,0,0,0,0
36298,65170,0,0,0,0
36299,279300,0,0,0,0
36300,162925,0,0,0,0
36301,116375,0,0,0,0
36302,260680,0,0,0,0
36303,442225,0,0,0,0
36304,162925,0,0,0,0
36305,214130,0,0,0,0
36306,702905,0,0,0,0
36307,209475,0,0,0,0
36308,1475605,19,7,4,0
36309,823930,5,0,0,0
36310,223440,0,0,0,0
36311,228095,0,0,0,0
36312,269990,0,0,0,0
36313,293265,0,0,0,0
36314,418950,0,0,0,0
36315,563255,0,0,0,0
36316,363090,0,0,0,0
36317,581871,4,0,0,0
36318,223440,0,0,0,0
36319,1024100,0,0,0,0
36320,181545,0,0,0,0
36321,316540,0,0,0,0
36322,93100,0,0,0,0
36323,307230,0,0,0,0
36324,400330,0,0,0,0
36325,451535,0,0,0,0
36326,195510,0,0,0,0
36327,828587,3,0,0,0
36328,363090,0,0,0,0
36329,1028746,5,4,0,0
36330,1270808,6,1,0,0
36331,418950,0,0,0,0
36332,549287,2,1,0,0
36333,51205,0,0,0,0
36334,69825,0,0,0,0
36335,1270804,7,4,0,0
36336,223440,0,0,0,0
36337,218782,3,0,0,0
36338,288610,0,0,0,0
36339,223440,0,0,0,0
36340,1382525,5,5,0,0
36341,539980,0,0,0,0
36342,311885,0,0,0,0
36343,325850,0,0,0,0
36344,372400,0,0,0,0
36345,223440,0,0,0,0
36346,377055,0,0,0,0
36347,442225,0,0,0,0
36348,1084603,7,5,0,0
36349,256025,0,0,0,0
36350,274642,3,0,0,0
36351,214130,0,0,0,0
36352,223440,0,0,0,0
36353,18620,0,0,0,0
36354,74480,0,0,0,0
36355,111720,0,0,0,0
36356,288610,0,0,0,0
36357,209475,0,0,0,0
36358,237405,0,0,0,0
36359,861164,11,0,0,0
36360,218785,0,0,0,0
36361,232750,0,0,0,0
36362,204820,0,0,0,0
36363,321195,0,0,0,0
36364,121030,0,0,0,0
36365,246715,0,0,0,0
36366,228095,0,0,0,0
36367,1354600,5,0,0,0
36368,335160,0,0,0,0
36369,400330,0,0,0,0
36370,190855,0,0,0,0
36371,372400,0,0,0,0
36372,297903,12,4,0,0
36373,344470,0,0,0,0
36374,1247524,11,5,0,0
36375,256025,0,0,0,0
36376,265335,0,0,0,0
36377,251369,1,0,0,0
36378,107065,0,0,0,0
36379,88445,0,0,0,0
36380,209475,0,0,0,0
36381,121030,0,0,0,0
36382,237405,0,0,0,0
36383,288608,2,0,0,0
36384,242060,0,0,0,0
36385,377055,0,0,0,0
36386,293264,0,1,0,0
36387,409640,0,0,0,0
36388,167580,0,0,0,0
36389,153615,0,0,0,0
36390,242060,0,0,0,0
36391,102410,0,0,0,0
36392,386357,8,0,0,0
36393,968229,7,4,0,0
36394,367742,3,0,0,0
36395,330505,0,0,0,0
36396,307227,3,0,0,0
36397,321190,4,0,1,0
36398,214130,0,0,0,0
36399,428257,3,0,0,0
36400,307230,0,0,0,0
36401,283953,2,0,0,0
36402,395675,0,0,0,0
36403,223440,0,0,0,0
36404,605150,0,0,0,0
36405,1275470,0,0,0,0
36406,307230,0,0,0,0
36407,209475,0,0,0,0
36408,367744,1,0,0,0
36409,214130,0,0,0,0
36410,209475,0,0,0,0
36411,269990,0,0,0,0
36412,246715,0,0,0,0
36413,609805,0,0,0,0
36414,302575,0,0,0,0
36415,353779,1,0,0,0
36416,488774,1,0,0,0
36417,456186,4,0,0,0
36418,782040,0,0,0,0
36419,218785,0,0,0,0
36420,181545,0,0,0,0
36421,768072,3,0,0,0
36422,279300,0,0,0,0
36423,209475,0,0,0,0
36424,269990,0,0,0,0
36425,530669,1,0,0,0
36426,209475,0,0,0,0
36427,1233561,9,5,0,0
36428,274645,0,0,0,0
36429,1075293,12,0,0,0
36430,195510,0,0,0,0
36431,325850,0,0,0,0
36432,228095,0,0,0,0
36433,782037,3,0,0,0
36434,972895,0,0,0,0
36435,251370,0,0,0,0
36436,428260,0,0,0,0
36437,484120,0,0,0,0
36438,297920,0,0,0,0
36439,269990,0,0,0,0
36440,349122,3,0,0,0
36441,218785,0,0,0,0
36442,465500,0,0,0,0
36443,609805,0,0,0,0
36444,395673,2,0,0,0
36445,265335,0,0,0,0
36446,344470,0,0,0,0
36447,223440,0,0,0,0
36448,465500,0,0,0,0
36449,307230,0,0,0,0
36450,1056673,7,5,0,0
36451,116375,0,0,0,0
36452,1144945,176,9,0,0
36453,269990,0,0,0,0
36454,479465,0,0,0,0
36455,256025,0,0,0,0
36456,209475,0,0,0,0
36457,242060,0,0,0,0
36458,1065972,18,5,0,0
36459,828577,11,2,0,0
36460,1261502,2,1,0,0
36461,116375,0,0,0,0
36462,214130,0,0,0,0
36463,223440,0,0,0,0
36464,181545,0,0,0,0
36465,88445,0,0,0,0
36466,349125,0,0,0,0
36467,763414,6,0,0,0
36468,190855,0,0,0,0
36469,335160,0,0,0,0
36470,502740,0,0,0,0
36471,418949,1,0,0,0
36472,107065,0,0,0,0
36473,726177,3,0,0,0
36474,716861,7,2,0,0
36475,223439,1,0,0,0
36476,144305,0,0,0,0
36477,190855,0,0,0,0
36478,223440,0,0,0,0
36479,367745,0,0,0,0
36480,335160,0,0,0,0
36481,1112537,3,5,0,0
36482,1149777,3,5,0,0
36483,325850,0,0,0,0
36484,218785,0,0,0,0
36485,828590,0,0,0,0
36486,237405,0,0,0,0
36487,162925,0,0,0,0
36488,121030,0,0,0,0
36489,246715,0,0,0,0
36490,223440,0,0,0,0
36491,260680,0,0,0,0
36492,367739,6,0,0,0
36493,297920,0,0,0,0
36494,246715,0,0,0,0
36495,256025,0,0,0,0
36496,265335,0,0,0,0
36497,1317353,11,1,0,0
36498,232750,0,0,0,0
36499,1121855,0,0,0,0
36500,1070638,7,5,0,0
36501,214130,0,0,0,0
36502,470151,4,0,0,0
36503,935646,5,4,0,0
36504,1396500,0,0,0,0
36505,451535,0,0,0,0
36506,279300,0,0,0,0
36507,242060,0,0,0,0
36508,493429,1,0,0,0
36509,269990,0,0,0,0
36510,1191666,9,5,0,0
36511,395671,3,1,0,0
36512,274645,0,0,0,0
36513,195510,0,0,0,0
36514,777385,0,0,0,0
36515,330505,0,0,0,0
36516,1014787,3,0,0,0
36517,1247529,7,4,0,0
36518,349125,0,0,0,0
36519,218785,0,0,0,0
36520,232750,0,0,0,0
36521,279300,0,0,0,0
36522,274645,0,0,0,0
36523,237405,0,0,0,0
36524,730832,3,0,0,0
36525,237405,0,0,0,0
36526,1252184,7,4,0,0
36527,744797,3,0,0,0
36528,972884,7,4,0,0
36529,93100,0,0,0,0
36530,1014790,0,0,0,0
36531,428260,0,0,0,0
36532,1270801,9,5,0,0
36533,456190,0,0,0,0
36534,1270803,8,4,0,0
36535,1573390,0,0,0,0
36536,456186,4,0,0,0
36537,265335,0,0,0,0
36538,1000815,5,5,0,0
36539,819280,0,0,0,0
36540,209475,0,0,0,0
36541,828583,7,0,0,0
36542,242060,0,0,0,0
36543,535322,2,1,0,0
36544,302575,0,0,0,0
36545,260680,0,0,0,0
36546,214130,0,0,0,0
36547,242060,0,0,0,0
36548,796002,3,0,0,0
36549,418950,0,0,0,0
36550,172235,0,0,0,0
36551,158270,0,0,0,0
36552,311885,0,0,0,0
36553,912369,10,0,1,0
36554,307229,1,0,0,0
36555,400330,0,0,0,0
36556,232750,0,0,0,0
36557,423605,0,0,0,0
36558,321195,0,0,0,0
36559,107065,0,0,0,0
36560,260680,0,0,0,0
36561,293265,0,0,0,0
36562,349125,0,0,0,0
36563,944964,1,0,0,0
36564,754106,4,0,0,0
36565,265335,0,0,0,0
36566,316540,0,0,0,0
36567,209475,0,0,0,0
36568,507395,0,0,0,0
36569,209475,0,0,0,0
36570,335157,3,0,0,0
36571,367745,0,0,0,0
36572,172235,0,0,0,0
36573,167580,0,0,0,0
36574,297920,0,0,0,0
36575,283955,0,0,0,0
36576,1108004,0,0,0,0
36577,104443,0,0,0,0
36578,231588,3,0,0,0
36579,581248,0,0,0,0
36580,236132,0,0,0,0
36581,417771,1,0,0,0
36582,667526,1,0,0,0
36583,417760,11,1,0,0
36584,367821,0,0,0,0
36585,1039888,1,0,0,0
36586,790128,3,3,0,0
36587,277001,0,0,0,0
36588,304247,0,0,0,0
36589,1216981,7,0,0,0
36590,217968,0,0,0,0
36591,1598425,7,0,0,0
36592,169627,4,0,0,0
36593,189458,0,0,0,0
36594,118959,3,0,0,0
36595,367900,1,0,0,0
36596,378913,3,0,0,0
36597,517704,1,0,0,0
36598,202666,3,7,0,0
36599,114556,0,0,0,0
36600,158616,0,0,0,0
36601,220300,0,0,0,0
36602,171830,4,0,0,0
36603,145392,6,0,0,0
36604,101338,0,0,0,0
36605,149804,0,0,0,0
36606,178443,0,0,0,0
36607,85917,0,0,0,0
36608,96932,0,0,0,0
36609,268766,0,0,0,0
36610,96932,0,0,0,0
36611,118962,0,0,0,0
36612,103541,0,0,0,0
36613,116759,0,0,0,0
36614,123368,0,0,0,0
36615,116759,0,0,0,0
36616,167421,7,0,0,0
36617,134383,0,0,0,0
36618,112353,0,0,0,0
36619,107941,6,0,0,0
36620,215891,3,0,0,0
36621,337059,0,0,0,0
36622,176240,0,0,0,0
36623,123368,0,0,0,0
36624,209281,4,0,0,0
36625,233514,4,0,0,0
36626,81511,0,0,0,0
36627,101336,2,0,0,0
36628,121165,0,0,0,0
36629,140992,0,0,0,0
36630,125568,3,0,0,0
36631,107947,0,0,0,0
36632,493468,4,0,0,0
36633,202676,0,0,0,0
36634,191661,0,0,0,0
36635,209285,0,0,0,0
36636,290796,0,0,0,0
36637,107937,7,3,0,0
36638,222503,0,0,0,0
36639,149804,0,0,0,0
36640,154210,0,0,0,0
36641,116749,3,7,0,0
36642,226909,0,0,0,0
36643,114552,4,0,0,0
36644,279781,0,0,0,0
36645,83714,0,0,0,0
36646,134383,0,0,0,0
36647,55075,0,0,0,0
36648,486858,5,0,0,0
36649,160819,0,0,0,0
36650,163022,0,0,0,0
36651,165225,0,0,0,0
36652,41857,0,0,0,0
36653,110150,0,0,0,0
36654,160819,0,0,0,0
36655,158616,0,0,0,0
36656,363494,1,0,0,0
36657,614625,12,0,0,0
36658,158616,0,0,0,0
36659,522111,0,0,0,0
36660,116759,0,0,0,0
36661,107947,0,0,0,0
36662,116759,0,0,0,0
36663,99135,0,0,0,0
36664,233518,0,0,0,0
36665,176238,2,0,0,0
36666,343665,3,0,0,0
36667,147601,0,0,0,0
36668,237924,0,0,0,0
36669,143195,0,0,0,0
36670,83714,0,0,0,0
36671,209281,4,0,0,0
36672,107947,0,0,0,0
36673,112353,0,0,0,0
36674,8812,0,0,0,0
36675,207079,3,0,0,0
36676,147601,0,0,0,0
36677,204866,6,7,0,0
36678,154210,0,0,0,0
36679,121159,6,0,0,0
36680,207069,6,7,0,0
36681,79308,0,0,0,0
36682,486858,5,0,0,0
36683,99135,0,0,0,0
36684,110147,3,0,0,0
36685,129977,0,0,0,0
36686,134383,0,0,0,0
36687,118958,4,0,0,0
36688,623440,8,1,0,0
36689,114550,6,0,0,0
36690,127774,0,0,0,0
36691,392126,8,0,0,0
36692,286390,0,0,0,0
36693,169630,1,0,0,0
36694,202676,0,0,0,0
36695,222503,0,0,0,0
36696,207069,6,7,0,0
36697,209285,0,0,0,0
36698,88120,0,0,0,0
36699,383319,3,0,0,0
36700,129977,0,0,0,0
36701,140992,0,0,0,0
36702,55075,0,0,0,0
36703,96932,0,0,0,0
36704,44060,0,0,0,0
36705,107947,0,0,0,0
36706,129977,0,0,0,0
36707,226909,0,0,0,0
36708,286390,0,0,0,0
36709,68293,0,0,0,0
36710,398740,3,0,0,0
36711,427382,0,0,0,0
36712,176240,0,0,0,0
36713,79307,1,0,0,0
36714,204879,0,0,0,0
36715,198270,0,0,0,0
36716,79307,1,0,0,0
36717,264360,0,0,0,0
36718,99135,0,0,0,0
36719,110150,0,0,0,0
36720,136563,23,0,0,0
36721,85917,0,0,0,0
36722,116759,0,0,0,0
36723,497877,1,0,0,0
36724,134383,0,0,0,0
36725,165225,0,0,0,0
36726,50669,0,0,0,0
36727,116759,0,0,0,0
36728,486859,4,0,0,0
36729,121165,0,0,0,0
36730,70496,0,0,0,0
36731,647673,9,0,0,0
36732,132180,0,0,0,0
36733,147601,0,0,0,0
36734,116749,3,7,0,0
36735,37451,0,0,0,0
36736,121165,0,0,0,0
36737,570565,11,1,0,0
36738,218097,0,0,0,0
36739,226909,0,0,0,0
36740,240127,0,0,0,0
36741,209285,0,0,0,0
36742,196057,3,7,0,0
36743,127774,0,0,0,0
36744,550746,2,2,0,0
36745,116759,0,0,0,0
36746,121165,0,0,0,0
36747,81511,0,0,0,0
36748,209285,0,0,0,0
36749,66090,0,0,0,0
36750,129977,0,0,0,0
36751,224706,0,0,0,0
36752,200473,0,0,0,0
36753,156413,0,0,0,0
36754,189455,3,0,0,0
36755,209285,0,0,0,0
36756,63887,0,0,0,0
36757,193856,8,0,0,0
36758,224392,8,0,0,0
36759,138800,0,0,0,0
36760,460815,1,0,0,0
36761,138800,0,0,0,0
36762,72176,0,0,0,0
36763,252616,0,0,0,0
36764,77728,0,0,0,0
36765,738409,7,0,0,0
36766,741174,16,2,0,0
36767,111040,0,0,0,0
36768,127696,0,0,0,0
36769,205424,0,0,0,0
36770,138800,0,0,0,0
36771,105488,0,0,0,0
36772,285925,3,0,0,0
36773,208200,0,0,0,0
36774,610718,2,0,0,0
36775,199872,0,0,0,0
36776,155456,0,0,0,0
36777,169336,0,0,0,0
36778,116592,0,0,0,0
36779,205424,0,0,0,0
36780,88832,0,0,0,0
36781,219304,0,0,0,0
36782,208200,0,0,0,0
36783,238712,10,14,0,0
36784,152680,0,0,0,0
36785,197089,7,0,0,0
36786,619047,1,0,0,0
36787,155454,2,0,0,0
36788,521888,0,0,0,0
36789,152680,0,0,0,0
36790,249816,10,14,0,0
36791,305360,0,0,0,0
36792,1873751,42,3,3,0
36793,124920,0,0,0,0
36794,374760,0,0,0,0
36795,832799,1,0,0,0
36796,47192,0,0,0,0
36797,266496,0,0,0,0
36798,108264,0,0,0,0
36799,69400,0,0,0,0
36800,133248,0,0,0,0
36801,202648,0,0,0,0
36802,199872,0,0,0,0
36803,155434,8,14,0,0
36804,738391,24,1,0,0
36805,199872,0,0,0,0
36806,144352,0,0,0,0
36807,124920,0,0,0,0
36808,235936,10,14,0,0
36809,136002,8,14,0,0
36810,208200,0,0,0,0
36811,136024,0,0,0,0
36812,44416,0,0,0,0
36813,11104,0,0,0,0
36814,249818,8,14,0,0
36815,127696,0,0,0,0
36816,594063,1,0,0,0
36817,122144,0,0,0,0
36818,208200,0,0,0,0
36819,155456,0,0,0,0
36820,147128,0,0,0,0
36821,152680,0,0,0,0
36822,174888,0,0,0,0
36823,38864,0,0,0,0
36824,566297,6,1,0,0
36825,180440,0,0,0,0
36826,141576,0,0,0,0
36827,91608,0,0,0,0
36828,172112,0,0,0,0
36829,91608,0,0,0,0
36830,141576,0,0,0,0
36831,169336,0,0,0,0
36832,169336,0,0,0,0
36833,136024,0,0,0,0
36834,185991,1,0,0,0
36835,185992,0,0,0,0
36836,136024,0,0,0,0
36837,746737,7,0,0,0
36838,102712,0,0,0,0
36839,285928,0,0,0,0
36840,244288,0,0,0,0
36841,338668,4,0,0,0
36842,149904,0,0,0,0
36843,166560,0,0,0,0
36844,682801,94,1,0,0
36845,358104,0,0,0,0
36846,141576,0,0,0,0
36847,147128,0,0,0,0
36848,166560,0,0,0,0
36849,266495,1,0,0,0
36850,735635,5,0,0,0
36851,249840,0,0,0,0
36852,141576,0,0,0,0
36853,149904,0,0,0,0
36854,166560,0,0,0,0
36855,66624,0,0,0,0
36856,249818,8,14,0,0
36857,152680,0,0,0,0
36858,88832,0,0,0,0
36859,266496,0,0,0,0
36860,1279736,0,0,0,0
36861,235936,10,14,0,0
36862,177661,3,0,0,0
36863,127696,0,0,0,0
36864,158232,0,0,0,0
36865,269266,6,0,0,0
36866,488574,2,0,0,0
36867,152658,8,14,0,0
36868,158232,0,0,0,0
36869,138800,0,0,0,0
36870,130472,0,0,0,0
36871,557972,3,1,0,0
36872,88832,0,0,0,0
36873,272048,0,0,0,0
36874,172112,0,0,0,0
36875,205424,0,0,0,0
36876,172112,0,0,0,0
36877,216528,0,0,0,0
36878,138800,0,0,0,0
36879,255392,0,0,0,0
36880,41640,0,0,0,0
36881,366432,0,0,0,0
36882,235960,0,0,0,0
36883,147128,0,0,0,0
36884,241512,0,0,0,0
36885,252616,0,0,0,0
36886,205424,0,0,0,0
36887,277597,3,0,0,0
36888,605167,1,0,0,0
36889,136024,0,0,0,0
36890,130472,0,0,0,0
36891,627375,1,0,0,0
36892,105488,0,0,0,0
36893,177664,0,0,0,0
36894,191544,0,0,0,0
36895,155456,0,0,0,0
36896,144352,0,0,0,0
36897,757844,3,1,0,0
36898,108264,0,0,0,0
36899,163784,0,0,0,0
36900,349776,0,0,0,0
36901,152680,0,0,0,0
36902,155456,0,0,0,0
36903,152680,0,0,0,0
36904,244282,6,0,0,0
36905,363656,0,0,0,0
36906,494121,7,0,0,0
36907,185992,0,0,0,0
36908,213752,0,0,0,0
36909,419176,0,0,0,0
36910,136024,0,0,0,0
36911,152680,0,0,0,0
36912,130472,0,0,0,0
36913,630145,6,1,0,0
36914,280376,0,0,0,0
36915,460815,1,0,0,0
36916,161008,0,0,0,0
36917,141576,0,0,0,0
36918,169336,0,0,0,0
36919,335896,0,0,0,0
36920,233184,0,0,0,0
36921,216528,0,0,0,0
36922,116592,0,0,0,0
36923,169336,0,0,0,0
36924,213752,0,0,0,0
36925,158232,0,0,0,0
36926,205424,0,0,0,0
36927,210976,0,0,0,0
36928,599616,0,0,0,0
36929,280376,0,0,0,0
36930,299808,0,0,0,0
36931,33312,0,0,0,0
36932,469143,1,0,0,0
36933,63848,0,0,0,0
36934,158232,0,0,0,0
36935,136024,0,0,0,0
36936,180438,2,0,0,0
36937,297032,0,0,0,0
36938,466367,1,0,0,0
36939,277594,6,0,0,0
36940,410848,0,0,0,0
36941,130472,0,0,0,0
36942,274824,0,0,0,0
36943,760623,1,0,0,0
36944,63848,0,0,0,0
36945,252616,0,0,0,0
36946,224856,0,0,0,0
36947,119365,3,0,0,0
36948,235960,0,0,0,0
36949,474694,2,0,0,0
36950,408072,0,0,0,0
36951,208200,0,0,0,0
36952,144352,0,0,0,0
36953,183216,0,0,0,0
36954,241488,10,14,0,0
36955,796708,3,1,0,0
36956,152680,0,0,0,0
36957,155456,0,0,0,0
36958,144352,0,0,0,0
36959,272047,1,0,0,0
36960,433053,3,0,0,0
36961,30536,0,0,0,0
36962,277600,0,0,0,0
36963,210976,0,0,0,0
36964,230408,0,0,0,0
36965,669015,1,0,0,0
36966,174888,0,0,0,0
36967,133248,0,0,0,0
36968,136024,0,0,0,0
36969,208200,0,0,0,0
36970,133248,0,0,0,0
36971,807799,16,0,1,0
36972,188768,0,0,0,0
36973,252593,9,14,0,0
36974,105488,0,0,0,0
36975,524661,2,1,0,0
36976,127694,2,0,0,0
36977,136024,0,0,0,0
36978,163784,0,0,0,0
36979,147128,0,0,0,0
36980,69400,0,0,0,0
36981,152680,0,0,0,0
36982,174888,0,0,0,0
36983,305360,0,0,0,0
36984,305360,0,0,0,0
36985,433056,0,0,0,0
36986,177657,4,1,1,0
36987,310912,0,0,0,0
36988,69400,0,0,0,0
36989,141576,0,0,0,0
36990,177664,0,0,0,0
36991,244266,8,14,0,0
36992,127696,0,0,0,0
36993,252616,0,0,0,0
36994,188768,0,0,0,0
36995,294256,0,0,0,0
36996,352552,0,0,0,0
36997,421952,0,0,0,0
36998,161008,0,0,0,0
36999,191544,0,0,0,0
37000,685665,7,0,0,0
37001,302583,1,0,0,0
37002,471919,1,0,0,0
37003,94384,0,0,0,0
37004,235936,10,14,0,0
37005,141576,0,0,0,0
37006,338672,0,0,0,0
37007,260944,0,0,0,0
37008,483024,0,0,0,0
37009,202648,0,0,0,0
37010,199872,0,0,0,0
37011,63848,0,0,0,0
37012,219303,1,0,0,0
37013,335885,1,0,0,0
37014,240567,0,0,0,0
37015,217872,0,0,0,0
37016,481134,0,0,0,0
37017,426665,1,0,0,0
37018,145248,0,0,0,0
37019,195177,0,0,0,0
37020,730779,0,0,0,0
37021,426665,1,0,0,0
37022,408510,0,0,0,0
37023,344964,0,0,0,0
37024,313191,0,0,0,0
37025,122553,0,0,0,0
37026,295035,0,0,0,0
37027,267801,0,0,0,0
37028,63790,2,0,0,0
37029,109864,0,0,0,0
37030,88600,0,0,0,0
37031,95688,0,0,0,0
37032,99232,0,0,0,0
37033,85055,1,0,0,0
37034,70880,0,0,0,0
37035,49615,1,0,0,0
37036,164792,4,0,0,0
37037,129353,3,0,0,0
37038,77966,2,0,0,0
37039,81512,0,0,0,0
37040,95687,1,0,0,0
37041,184287,1,0,0,0
37042,129356,0,0,0,0
37043,177197,3,0,0,0
37044,134671,1,0,0,0
37045,63792,0,0,0,0
37046,101004,0,0,0,0
37047,101004,0,0,0,0
37048,138215,1,0,0,0
37049,155936,0,0,0,0
37050,132900,0,0,0,0
37051,168340,0,0,0,0
37052,139988,0,0,0,0
37053,56704,0,0,0,0
37054,136444,0,0,0,0
37055,175428,0,0,0,0
37056,90372,0,0,0,0
37057,86828,0,0,0,0
37058,132900,0,0,0,0
37059,428819,4,1,0,0
37060,145304,0,0,0,0
37061,290608,0,0,0,0
37062,60248,0,0,0,0
37063,187832,0,0,0,0
37064,54932,0,0,0,0
37065,90372,0,0,0,0
37066,168340,0,0,0,0
37067,54932,0,0,0,0
37068,79740,0,0,0,0
37069,152392,0,0,0,0
37070,54932,0,0,0,0
37071,301240,0,0,0,0
37072,86828,0,0,0,0
37073,93914,2,0,0,0
37074,81511,1,0,0,0
37075,139988,0,0,0,0
37076,74424,0,0,0,0
37077,83284,0,0,0,0
37078,108092,0,0,0,0
37079,120496,0,0,0,0
37080,125214,0,0,0,0
37081,119106,0,0,0,0
37082,177132,0,0,0,0
37083,289692,0,0,0,0
37084,216728,1,0,0,0
37085,182178,0,0,0,0
37086,251277,3,0,0,0
37087,179037,0,0,0,0
37088,72243,0,0,0,0
37089,220570,0,0,0,0
37090,487334,21,19,0,0
37091,192360,0,0,0,0
37092,337512,0,0,0,0
37093,247859,0,0,0,0
37094,201491,1,0,0,0
37095,322725,0,0,0,0
37096,230304,0,0,0,0
37097,156880,0,0,0,0
37098,97461,0,0,0,0
37099,294369,3,0,0,0
37100,95555,1,3,0,0
37101,81135,0,0,0,0
37102,347649,3,0,0,0
37103,637956,14,0,0,0
37104,58440,0,0,0,0
37105,141230,0,0,0,0
37106,214273,4,3,0,0
37107,143665,0,0,0,0
37108,260545,0,0,0,0
37109,713441,13,1,0,0
37110,92530,0,0,0,0
37111,396904,0,1,0,0
37112,102270,0,0,0,0
37113,476310,6,0,0,0
37114,932663,33,1,0,0
37115,606288,0,0,0,0
37116,558681,55,0,0,0
37117,303144,0,0,0,0
37118,291256,0,0,0,0
37119,332863,1,0,0,0
37120,422008,13,2,1,0
37121,297200,0,0,0,0
37122,373256,1,0,0,0
37123,245124,0,0,0,0
37124,161559,0,0,0,0
37125,807795,0,0,0,0
37126,584955,0,0,0,0
37127,295263,0,0,0,0
37128,217269,0,0,0,0
37129,612807,3,0,0,0
37130,445679,1,0,0,0
37131,211698,0,0,0,0
37132,1933136,1,0,0,0
37133,278549,1,0,0,0
37134,250695,0,0,0,0
37135,167340,0,0,0,0
37136,533788,4,0,0,0
37137,275652,0,0,0,0
37138,235637,1,0,0,0
37139,329004,0,0,0,0
37140,311219,1,0,0,0
37141,388224,0,0,0,0
37142,265793,2,0,0,0
37143,344519,0,0,0,0
37144,365399,1,0,0,0
37207,265175,7,6,0,0
37208,309382,4,0,0,0
37209,406299,0,1,0,0
37210,170787,4,0,0,0
37211,187082,0,0,0,0
37212,121716,0,0,0,0
37213,307921,0,0,0,0
37214,511461,1,0,0,0
37215,161789,0,0,0,0
37216,114818,0,0,0,0
37217,167008,0,0,0,0
37218,986363,22,6,0,0
37219,229636,0,0,0,0
37220,316438,9,16,0,0
37221,408240,0,0,0,0
37222,421608,0,0,0,0
37223,75747,5,0,0,0
37224,131452,0,0,0,0
37225,107026,0,0,0,0
37226,8856,0,0,0,0
37227,305630,3,1,0,0
37228,1705107,6,3,0,0
37229,289547,1,0,0,0
37230,246641,11,0,0,0
37231,541562,0,0,0,0
37232,93740,0,0,0,0
37233,141975,0,0,0,0
37234,390260,0,5,0,0
37235,190960,0,0,0,0
37236,261779,21,0,0,0
37237,167391,0,0,0,0
37238,140819,2,0,0,0
37239,99875,0,0,0,0
37240,407490,0,0,0,0
37241,1052750,0,0,0,0
37242,343727,1,1,0,0
37243,406533,1,0,0,0
37244,609129,2,0,0,0
37245,325889,1,0,0,0
37246,112704,0,0,0,0
37247,432729,1,0,0,0
37248,102074,0,0,0,0
37249,236487,9,0,0,0
37250,125069,1,0,0,0
37251,205604,0,0,0,0
37252,142048,0,0,0,0
37253,213072,0,0,0,0
37254,194425,0,0,0,0
37255,124221,7,0,0,0
37256,226722,0,0,0,0
37257,281448,0,0,0,0
37258,928312,16,1,0,0
37259,312696,0,0,0,0
37260,498617,0,0,0,0
37261,289559,1,0,0,0
37262,86100,0,0,0,0
37263,119274,1,0,0,0
37264,222524,5,1,0,0
37265,107219,0,0,0,0
37266,139587,0,0,0,0
37267,125426,0,0,0,0
37268,305116,0,0,0,0
37269,555372,0,1,0,0
37270,291534,2,0,0,0
37271,1483298,2,0,0,0
37272,147908,2,0,0,0
37273,158686,2,0,0,0
37274,195050,4,0,0,0
37275,79344,0,0,0,0
37276,371551,0,0,0,0
37277,156415,1,0,0,0
37278,131312,0,0,0,0
37279,237595,0,0,0,0
37280,227408,0,0,0,0
37281,246812,0,0,0,0
37282,303406,2,0,0,0
37283,98784,0,0,0,0
37284,128772,0,0,0,0
37285,412157,8,0,0,0
37286,98845,0,0,0,0
37287,240584,1,0,0,0
37288,159225,0,0,0,0
37289,125023,3,2,0,0
37290,63873,0,0,0,0
37291,72026,1,0,0,0
37292,153565,1,1,0,0
37293,2265641,19,2,0,0
37294,224614,1,1,0,0
37295,475227,0,0,0,0
37296,90699,0,0,0,0
37297,414050,0,0,0,0
37298,95161,3,0,0,0
37299,86940,0,0,0,0
37300,652486,0,0,0,0
37301,428608,2,0,0,0
37302,123414,4,0,0,0
37303,116892,0,0,0,0
37304,93002,0,0,0,0
37305,318560,0,0,0,0
